click,sc,buy
9,1,1
19,1,1
23,1,1
18,1,1
12,1,1
20,1,1
24,1,1
5,1,1
6,1,1
8,1,1
7,1,1
15,1,1
9,1,1
6,1,1
10,1,1
13,1,1
9,1,1
9,1,1
38,1,1
14,2,1
24,1,1
15,2,1
26,1,1
23,1,1
24,1,1
6,1,1
10,1,1
5,1,1
7,1,1
5,1,1
8,1,1
23,2,1
22,1,1
13,1,1
22,1,1
5,1,1
9,1,1
21,1,1
20,1,1
13,1,1
15,1,1
10,1,1
1,1,1
11,1,1
8,1,1
8,1,1
7,1,1
6,1,1
7,1,1
19,2,1
15,1,1
6,1,1
31,1,1
10,1,1
18,1,1
34,1,1
14,1,1
3,1,1
24,2,1
4,1,1
7,1,1
4,1,1
13,2,1
3,1,1
10,1,1
10,1,1
16,1,1
7,1,1
26,1,1
14,1,1
13,1,1
15,1,1
21,1,1
14,1,1
14,1,1
12,1,1
26,1,1
10,1,1
29,1,1
35,1,1
24,1,1
7,1,1
9,1,1
24,1,1
26,1,1
24,1,1
6,1,1
14,1,1
12,1,1
11,1,1
17,1,1
17,2,1
21,1,1
11,1,1
11,1,1
11,1,1
20,2,1
9,1,1
1,1,1
19,1,1
4,1,1
5,1,1
13,1,1
1,1,1
17,1,1
6,1,1
9,1,1
18,2,1
52,3,1
17,2,1
5,1,1
20,1,1
25,1,1
32,1,1
33,1,1
35,1,1
2,1,1
12,1,1
9,1,1
30,1,1
8,1,1
23,1,1
8,1,1
24,1,1
7,1,1
21,1,1
16,1,1
13,1,1
3,1,1
14,1,1
6,1,1
9,1,1
5,1,1
12,1,1
3,1,1
8,1,1
1,1,1
10,1,1
1,1,1
12,1,1
9,1,1
3,1,1
1,1,1
2,1,1
4,1,1
5,1,1
16,1,1
8,1,1
7,1,1
5,1,1
8,1,1
4,1,1
18,1,1
1,1,1
8,1,1
25,1,1
2,1,1
8,1,1
13,1,1
14,1,1
13,1,1
8,1,1
19,1,1
1,1,1
8,1,1
8,1,1
7,1,1
6,1,1
9,1,1
23,1,1
8,1,1
20,2,1
15,1,1
2,1,1
8,1,1
22,1,1
16,1,1
9,1,1
11,1,1
23,1,1
22,1,1
30,1,1
17,1,1
22,1,1
20,1,1
20,1,1
33,1,1
5,1,1
27,1,1
8,1,1
2,1,1
17,1,1
7,1,1
6,1,1
18,1,1
34,1,1
10,1,1
10,1,1
22,1,1
22,1,1
26,1,1
7,1,1
12,1,1
20,1,1
20,1,1
12,3,1
3,1,1
6,1,1
12,1,1
9,1,1
9,1,1
8,1,1
9,1,1
10,1,1
10,1,1
38,1,1
6,1,1
18,1,1
10,1,1
6,1,1
22,1,1
9,1,1
8,1,1
14,1,1
11,2,1
9,1,1
11,1,1
10,1,1
15,1,1
16,1,1
8,1,1
37,1,1
6,1,1
12,1,1
10,1,1
12,1,1
32,2,1
60,3,1
27,2,1
14,1,1
17,1,1
14,1,1
15,1,1
18,2,1
10,2,1
5,1,1
5,1,1
17,1,1
6,1,1
13,1,1
28,1,1
19,1,1
26,1,1
11,1,1
27,1,1
26,1,1
11,1,1
2,1,1
17,1,1
28,1,1
12,2,1
11,1,1
7,1,1
15,1,1
9,1,1
16,1,1
8,1,1
24,2,1
10,1,1
7,1,1
6,1,1
13,1,1
17,2,1
10,2,1
16,1,1
11,1,1
9,1,1
12,1,1
6,1,1
9,1,1
20,1,1
10,1,1
1,1,1
8,1,1
13,1,1
22,1,1
11,1,1
10,1,1
16,1,1
26,1,1
17,1,1
22,1,1
32,1,1
5,1,1
13,1,1
7,1,1
17,1,1
18,1,1
37,1,1
7,1,1
7,1,1
11,1,1
18,1,1
15,1,1
10,1,1
15,1,1
12,1,1
15,1,1
27,1,1
12,1,1
21,1,1
9,1,1
9,1,1
11,1,1
13,1,1
13,1,1
15,2,1
14,1,1
21,1,1
17,1,1
9,1,1
19,1,1
12,1,1
40,2,1
10,1,1
8,1,1
11,1,1
12,1,1
9,2,1
10,1,1
6,1,1
24,1,1
21,2,1
5,1,1
19,1,1
14,1,1
10,1,1
9,1,1
34,1,1
10,1,1
14,1,1
19,1,1
10,1,1
6,1,1
9,1,1
22,1,1
13,1,1
12,1,1
9,1,1
6,1,1
12,1,1
16,1,1
19,1,1
59,1,1
47,2,1
11,2,1
22,1,1
5,1,1
9,1,1
8,1,1
14,1,1
24,1,1
40,1,1
31,1,1
10,1,1
10,1,1
19,2,1
9,1,1
5,1,1
8,1,1
18,1,1
6,1,1
37,1,1
7,1,1
13,1,1
16,1,1
8,1,1
8,1,1
12,1,1
10,1,1
6,1,1
18,1,1
7,1,1
6,1,1
9,1,1
6,1,1
20,1,1
17,1,1
20,1,1
2,1,1
11,1,1
13,2,1
8,1,1
16,2,1
9,1,1
4,1,1
5,1,1
10,1,1
14,2,1
22,1,1
11,1,1
9,2,1
36,2,1
13,1,1
19,1,1
9,1,1
7,1,1
2,1,1
8,1,1
6,1,1
14,1,1
5,1,1
10,1,1
17,1,1
14,2,1
10,1,1
26,1,1
7,1,1
10,1,1
31,2,1
10,2,1
7,1,1
8,1,1
5,1,1
6,1,1
13,1,1
21,2,1
5,1,1
5,1,1
2,1,1
23,1,1
13,1,1
11,1,1
4,1,1
4,1,1
10,1,1
4,1,1
11,1,1
15,1,1
5,1,1
7,1,1
11,1,1
11,1,1
52,1,1
31,1,1
19,1,1
6,1,1
7,1,1
12,1,1
11,1,1
15,1,1
14,2,1
11,1,1
17,2,1
24,1,1
12,2,1
14,1,1
2,1,1
25,1,1
10,1,1
4,1,1
9,1,1
7,1,1
7,1,1
6,1,1
8,1,1
15,1,1
15,1,1
15,1,1
8,1,1
14,1,1
7,1,1
18,2,1
10,1,1
5,1,1
8,1,1
13,1,1
9,1,1
17,1,1
17,1,1
6,1,1
16,1,1
15,1,1
9,1,1
7,1,1
8,1,1
16,1,1
16,1,1
9,1,1
11,1,1
14,1,1
9,1,1
13,1,1
14,1,1
7,1,1
9,1,1
23,2,1
7,1,1
12,1,1
11,1,1
8,1,1
9,1,1
13,1,1
13,1,1
3,1,1
10,1,1
8,1,1
18,1,1
16,1,1
12,1,1
15,1,1
35,1,1
16,1,1
3,1,1
21,1,1
21,1,1
15,1,1
8,1,1
5,1,1
13,1,1
21,1,1
39,1,1
48,1,1
6,1,1
8,1,1
6,1,1
14,1,1
15,1,1
16,1,1
7,1,1
4,1,1
5,1,1
15,1,1
4,1,1
33,1,1
15,1,1
15,1,1
7,1,1
15,1,1
16,1,1
27,1,1
25,2,1
12,1,1
8,1,1
26,1,1
7,1,1
7,1,1
7,1,1
11,1,1
11,2,1
23,1,1
8,1,1
10,1,1
16,1,1
12,1,1
7,1,1
9,1,1
7,1,1
3,1,1
6,1,1
16,1,1
18,1,1
17,1,1
2,1,1
16,1,1
6,2,1
9,1,1
17,1,1
20,2,1
12,1,1
16,2,1
7,1,1
13,1,1
8,2,1
22,2,1
5,1,1
19,1,1
13,1,1
39,1,1
9,1,1
10,1,1
19,1,1
15,1,1
18,2,1
14,1,1
10,1,1
19,1,1
10,1,1
21,1,1
6,2,1
10,2,1
7,1,1
10,2,1
14,2,1
14,1,1
20,1,1
6,1,1
16,1,1
12,1,1
19,1,1
14,1,1
13,1,1
7,1,1
16,1,1
4,1,1
23,1,1
17,1,1
11,1,1
22,1,1
12,1,1
18,1,1
15,2,1
22,1,1
22,1,1
8,1,1
6,2,1
11,1,1
9,1,1
18,1,1
12,1,1
12,1,1
4,1,1
6,1,1
7,1,1
11,1,1
13,1,1
9,1,1
51,1,1
7,1,1
10,1,1
5,1,1
10,1,1
7,1,1
7,1,1
33,2,1
10,1,1
34,1,1
3,1,1
34,1,1
13,1,1
20,1,1
11,1,1
16,1,1
8,1,1
14,1,1
16,1,1
10,1,1
29,1,1
30,1,1
11,1,1
10,1,1
7,1,1
36,1,1
8,2,1
70,1,1
72,2,1
11,1,1
29,1,1
13,1,1
11,1,1
2,1,1
10,1,1
5,1,1
6,1,1
8,1,1
20,1,1
19,1,1
10,1,1
9,1,1
5,1,1
9,1,1
28,1,1
9,1,1
25,1,1
12,1,1
10,1,1
11,1,1
14,1,1
13,1,1
18,1,1
16,1,1
7,1,1
19,1,1
15,1,1
11,1,1
6,1,1
15,1,1
8,1,1
11,1,1
10,1,1
13,1,1
8,1,1
6,1,1
3,1,1
18,1,1
22,2,1
9,1,1
37,1,1
11,1,1
17,1,1
15,1,1
16,1,1
22,2,1
22,1,1
4,1,1
12,1,1
4,1,1
8,1,1
4,1,1
5,1,1
3,1,1
14,1,1
13,1,1
2,1,1
6,1,1
8,1,1
10,1,1
10,1,1
20,1,1
13,1,1
9,1,1
6,1,1
11,1,1
22,1,1
8,1,1
19,3,1
11,1,1
10,2,1
16,2,1
9,1,1
10,1,1
10,1,1
7,2,1
22,2,1
13,2,1
12,1,1
18,1,1
13,1,1
11,1,1
43,1,1
9,1,1
16,2,1
14,1,1
18,1,1
20,1,1
5,1,1
16,1,1
38,2,1
13,1,1
18,1,1
11,1,1
15,1,1
14,1,1
4,1,1
6,1,1
10,1,1
12,2,1
9,1,1
27,1,1
4,1,1
5,1,1
14,1,1
6,1,1
7,1,1
6,1,1
10,1,1
10,1,1
5,1,1
12,1,1
7,1,1
18,1,1
4,2,1
12,2,1
22,2,1
8,1,1
12,1,1
5,1,1
11,1,1
15,2,1
28,1,1
11,2,1
25,1,1
10,1,1
5,1,1
15,1,1
43,1,1
12,1,1
10,1,1
6,1,1
12,1,1
21,1,1
19,1,1
9,1,1
22,1,1
14,1,1
8,1,1
23,1,1
13,1,1
33,2,1
40,1,1
16,2,1
19,2,1
19,2,1
18,2,1
13,1,1
15,2,1
18,2,1
18,1,1
11,1,1
13,1,1
19,1,1
6,1,1
18,1,1
15,2,1
31,1,1
13,1,1
4,1,1
11,1,1
12,1,1
8,1,1
5,1,1
6,1,1
5,1,1
9,1,1
8,1,1
20,1,1
8,1,1
24,1,1
14,1,1
13,1,1
6,1,1
10,1,1
19,1,1
11,2,1
13,2,1
6,1,1
7,1,1
8,1,1
4,1,1
10,1,1
10,1,1
8,1,1
9,1,1
12,1,1
6,1,1
7,1,1
29,1,1
14,1,1
24,2,1
15,2,1
12,1,1
16,1,1
9,1,1
11,1,1
20,2,1
15,2,1
8,1,1
24,2,1
19,2,1
12,1,1
10,1,1
10,1,1
9,1,1
10,1,1
19,1,1
21,1,1
21,1,1
10,1,1
24,1,1
15,1,1
9,1,1
10,1,1
13,1,1
18,1,1
17,1,1
11,1,1
13,1,1
17,1,1
19,1,1
18,1,1
12,1,1
9,1,1
8,1,1
7,1,1
24,1,1
9,1,1
9,2,1
8,1,1
4,1,1
10,1,1
4,1,1
10,2,1
15,1,1
11,2,1
4,1,1
7,1,1
6,2,1
6,1,1
7,1,1
14,1,1
11,1,1
13,1,1
14,1,1
12,1,1
13,1,1
18,1,1
14,1,1
26,1,1
17,1,1
18,1,1
15,1,1
13,1,1
9,1,1
9,1,1
19,1,1
10,1,1
7,1,1
5,1,1
7,1,1
12,1,1
12,1,1
6,1,1
10,1,1
15,1,1
25,1,1
17,1,1
14,1,1
16,1,1
18,2,1
10,2,1
12,1,1
7,1,1
64,1,1
13,1,1
19,1,1
26,1,1
11,1,1
14,1,1
6,1,1
6,1,1
7,1,1
3,1,1
19,1,1
5,1,1
16,1,1
7,1,1
14,1,1
2,1,1
3,1,1
10,2,1
6,1,1
6,1,1
10,1,1
20,1,1
8,1,1
9,1,1
9,1,1
10,1,1
14,1,1
6,1,1
12,1,1
30,3,1
12,1,1
4,1,1
17,1,1
6,1,1
8,1,1
4,1,1
6,1,1
8,1,1
12,1,1
14,1,1
5,1,1
5,1,1
2,1,1
7,1,1
4,1,1
6,1,1
11,1,1
14,1,1
12,1,1
6,1,1
4,1,1
9,1,1
8,1,1
14,1,1
16,1,1
30,1,1
12,1,1
10,1,1
4,1,1
7,1,1
6,1,1
24,1,1
12,1,1
24,2,1
13,2,1
10,2,1
7,2,1
15,1,1
13,1,1
9,1,1
7,1,1
22,1,1
14,2,1
36,1,1
16,1,1
7,1,1
16,2,1
15,1,1
18,1,1
6,2,1
9,2,1
6,1,1
7,1,1
7,1,1
24,1,1
7,1,1
9,1,1
7,2,1
5,1,1
4,1,1
17,1,1
13,1,1
20,1,1
16,1,1
47,1,1
3,1,1
11,1,1
15,1,1
13,1,1
20,1,1
4,1,1
9,1,1
7,1,1
8,1,1
8,1,1
16,1,1
9,1,1
6,1,1
10,1,1
11,1,1
20,1,1
10,1,1
14,1,1
17,1,1
7,1,1
11,1,1
20,1,1
12,1,1
15,1,1
12,1,1
13,1,1
26,1,1
11,1,1
16,1,1
11,1,1
8,1,1
9,1,1
6,1,1
18,1,1
11,1,1
15,2,1
11,1,1
6,1,1
10,2,1
8,1,1
11,1,1
16,1,1
15,1,1
14,1,1
16,1,1
16,1,1
8,1,1
21,1,1
30,1,1
22,1,1
13,1,1
24,1,1
12,1,1
15,1,1
6,1,1
20,1,1
3,2,1
2,1,1
10,1,1
11,1,1
8,1,1
21,1,1
7,1,1
13,1,1
14,1,1
17,1,1
13,1,1
9,1,1
9,1,1
17,1,1
13,1,1
38,1,1
20,1,1
7,1,1
4,1,1
7,1,1
11,1,1
18,1,1
25,1,1
13,1,1
14,1,1
8,1,1
9,1,1
15,1,1
9,2,1
4,1,1
21,1,1
23,1,1
5,1,1
6,1,1
10,1,1
16,1,1
8,1,1
21,1,1
20,1,1
5,1,1
36,1,1
6,1,1
12,1,1
13,1,1
5,1,1
18,1,1
4,1,1
14,1,1
11,1,1
17,1,1
29,1,1
17,1,1
18,1,1
17,1,1
4,1,1
12,1,1
5,1,1
28,3,1
12,1,1
24,1,1
18,1,1
17,1,1
10,1,1
16,1,1
17,1,1
11,1,1
9,1,1
39,1,1
18,1,1
6,1,1
21,1,1
19,1,1
14,1,1
19,1,1
7,1,1
17,1,1
13,1,1
11,1,1
23,1,1
11,1,1
15,1,1
5,1,1
7,2,1
9,1,1
24,1,1
25,1,1
56,1,1
17,2,1
60,1,1
23,2,1
12,1,1
31,1,1
15,1,1
21,1,1
15,1,1
40,1,1
30,1,1
8,1,1
15,1,1
23,2,1
4,2,1
13,1,1
5,1,1
16,1,1
7,1,1
17,1,1
20,1,1
9,1,1
13,1,1
11,1,1
5,1,1
7,1,1
5,2,1
6,1,1
6,1,1
3,1,1
6,1,1
12,1,1
7,1,1
58,1,1
24,1,1
19,1,1
22,1,1
9,1,1
5,1,1
16,2,1
9,1,1
6,1,1
13,1,1
14,1,1
10,1,1
3,1,1
10,1,1
19,1,1
32,1,1
45,1,1
34,1,1
7,2,1
11,1,1
12,2,1
13,1,1
13,1,1
17,1,1
9,1,1
6,1,1
7,1,1
6,1,1
7,1,1
6,1,1
13,1,1
12,1,1
14,1,1
8,1,1
8,1,1
12,1,1
19,2,1
10,1,1
30,1,1
10,1,1
10,1,1
16,1,1
32,1,1
28,1,1
15,1,1
9,1,1
13,1,1
13,1,1
19,1,1
33,1,1
9,1,1
3,1,1
16,1,1
3,1,1
3,1,1
6,1,1
16,1,1
8,1,1
30,1,1
31,2,1
15,1,1
27,1,1
10,1,1
2,1,1
4,1,1
11,1,1
3,1,1
10,1,1
6,1,1
14,1,1
14,1,1
7,1,1
17,1,1
7,1,1
9,1,1
13,1,1
5,1,1
8,1,1
26,1,1
39,1,1
8,1,1
28,1,1
12,1,1
23,1,1
4,1,1
13,1,1
13,1,1
9,1,1
21,1,1
27,1,1
8,1,1
5,1,1
3,1,1
4,1,1
5,1,1
2,1,1
16,1,1
7,1,1
8,1,1
4,1,1
6,1,1
22,1,1
17,1,1
11,1,1
3,1,1
10,1,1
12,1,1
7,1,1
12,1,1
23,2,1
9,1,1
6,1,1
2,1,1
21,1,1
15,1,1
9,1,1
7,2,1
9,1,1
21,1,1
22,1,1
17,1,1
11,1,1
6,1,1
23,1,1
21,1,1
18,1,1
16,1,1
14,1,1
8,1,1
3,1,1
9,1,1
11,1,1
12,1,1
11,1,1
3,1,1
7,1,1
9,1,1
6,1,1
31,1,1
26,1,1
25,1,1
6,1,1
32,1,1
41,1,1
13,1,1
6,1,1
6,1,1
10,1,1
21,1,1
31,1,1
18,1,1
61,1,1
9,1,1
24,1,1
17,1,1
32,1,1
25,1,1
24,1,1
15,2,1
12,1,1
11,1,1
19,1,1
11,1,1
10,1,1
12,1,1
4,1,1
10,1,1
11,1,1
19,1,1
7,1,1
8,1,1
11,1,1
3,1,1
17,1,1
9,1,1
7,1,1
9,1,1
20,1,1
16,1,1
39,1,1
12,1,1
4,1,1
24,2,1
2,1,1
12,1,1
14,1,1
16,1,1
9,1,1
6,2,1
20,1,1
27,3,1
17,1,1
24,1,1
9,1,1
7,1,1
15,1,1
16,1,1
7,1,1
6,1,1
8,1,1
40,1,1
35,2,1
15,1,1
34,1,1
14,1,1
8,1,1
10,1,1
3,1,1
6,1,1
23,2,1
6,1,1
8,1,1
8,1,1
15,1,1
8,1,1
12,1,1
16,1,1
13,1,1
5,1,1
18,1,1
7,1,1
10,1,1
14,1,1
10,1,1
13,2,1
4,1,1
5,1,1
5,1,1
4,1,1
4,1,1
14,1,1
10,1,1
3,1,1
20,1,1
19,1,1
7,1,1
13,1,1
36,1,1
17,1,1
13,1,1
10,1,1
11,1,1
22,1,1
9,2,1
8,1,1
21,2,1
8,1,1
10,1,1
19,1,1
33,1,1
21,1,1
21,1,1
10,2,1
4,1,1
18,1,1
7,2,1
10,1,1
5,1,1
20,1,1
14,1,1
14,1,1
12,1,1
6,1,1
9,1,1
13,1,1
27,1,1
1,1,1
25,1,1
10,1,1
13,2,1
11,1,1
17,1,1
10,1,1
21,1,1
12,1,1
20,1,1
9,1,1
7,1,1
11,1,1
10,1,1
6,1,1
9,1,1
12,1,1
11,1,1
13,1,1
16,1,1
12,1,1
10,1,1
3,1,1
11,1,1
12,1,1
13,1,1
17,1,1
11,1,1
10,1,1
12,1,1
9,1,1
11,1,1
21,1,1
17,1,1
24,1,1
18,1,1
10,1,1
3,1,1
11,1,1
16,1,1
13,1,1
16,1,1
46,1,1
5,1,1
5,1,1
10,1,1
12,1,1
16,1,1
7,1,1
7,1,1
4,1,1
8,1,1
18,1,1
15,2,1
10,2,1
8,2,1
4,1,1
11,1,1
30,1,1
12,1,1
33,1,1
9,1,1
24,1,1
18,1,1
6,1,1
13,1,1
34,1,1
23,1,1
15,1,1
15,2,1
28,1,1
20,1,1
41,1,1
7,1,1
31,1,1
24,1,1
26,1,1
9,1,1
8,1,1
19,1,1
16,1,1
9,1,1
9,1,1
14,1,1
9,1,1
28,1,1
17,2,1
9,1,1
16,1,1
37,2,1
6,1,1
19,1,1
12,1,1
25,1,1
20,1,1
23,1,1
25,1,1
19,1,1
29,1,1
15,1,1
17,1,1
25,1,1
16,1,1
12,1,1
2,1,1
27,1,1
13,1,1
44,1,1
21,2,1
13,1,1
76,1,1
11,1,1
12,1,1
14,1,1
6,1,1
16,1,1
10,1,1
9,1,1
9,1,1
9,1,1
16,1,1
10,1,1
23,1,1
6,1,1
15,1,1
12,1,1
11,1,1
20,1,1
13,2,1
8,2,1
8,1,1
11,1,1
8,2,1
17,2,1
8,1,1
3,1,1
10,2,1
9,1,1
8,1,1
15,1,1
7,2,1
8,1,1
12,4,1
7,2,1
16,2,1
5,1,1
6,1,1
11,1,1
9,2,1
7,2,1
9,2,1
14,1,1
7,1,1
31,1,1
12,2,1
23,1,1
29,2,1
16,1,1
35,2,1
14,1,1
8,1,1
3,1,1
8,1,1
12,1,1
18,1,1
9,1,1
13,1,1
11,1,1
6,1,1
8,1,1
8,1,1
13,1,1
15,1,1
33,1,1
24,1,1
18,2,1
10,1,1
14,1,1
11,1,1
15,1,1
17,1,1
24,1,1
16,1,1
21,1,1
11,1,1
14,1,1
10,1,1
6,1,1
3,1,1
5,1,1
5,1,1
5,1,1
4,1,1
10,1,1
15,1,1
12,2,1
5,1,1
2,1,1
6,1,1
3,1,1
12,1,1
6,1,1
12,2,1
10,1,1
14,3,1
21,2,1
7,1,1
21,1,1
21,1,1
20,1,1
6,1,1
7,1,1
4,1,1
6,1,1
6,1,1
4,1,1
13,1,1
9,1,1
3,1,1
27,1,1
9,1,1
8,1,1
3,1,1
13,1,1
7,1,1
10,1,1
13,2,1
11,1,1
6,2,1
6,2,1
7,2,1
17,2,1
6,2,1
34,1,1
26,3,1
11,1,1
24,2,1
21,2,1
20,1,1
10,3,1
20,2,1
10,2,1
11,1,1
20,1,1
12,2,1
13,1,1
15,1,1
5,1,1
15,2,1
17,1,1
29,1,1
7,1,1
15,1,1
3,1,1
20,1,1
9,1,1
9,1,1
10,1,1
17,2,1
11,1,1
15,1,1
42,1,1
15,1,1
26,1,1
14,1,1
35,1,1
6,1,1
7,2,1
3,1,1
48,1,1
16,1,1
44,1,1
52,1,1
99,2,1
19,1,1
42,1,1
27,2,1
13,1,1
16,1,1
45,1,1
32,1,1
17,1,1
2,1,1
6,1,1
15,1,1
18,1,1
7,1,1
8,1,1
15,1,1
9,1,1
6,1,1
20,1,1
9,1,1
22,3,1
13,2,1
13,1,1
17,4,1
10,1,1
12,1,1
16,2,1
4,1,1
10,1,1
11,1,1
43,1,1
17,2,1
69,1,1
15,1,1
17,1,1
73,1,1
6,1,1
6,1,1
27,1,1
4,1,1
4,1,1
37,1,1
33,1,1
15,1,1
10,1,1
10,1,1
4,1,1
25,1,1
13,1,1
11,1,1
10,1,1
16,1,1
11,1,1
31,1,1
16,1,1
10,1,1
19,1,1
29,1,1
10,1,1
11,2,1
6,1,1
24,2,1
19,1,1
16,2,1
17,1,1
14,1,1
17,2,1
22,1,1
14,1,1
7,1,1
3,1,1
13,2,1
9,1,1
13,1,1
7,1,1
15,1,1
11,1,1
19,1,1
10,1,1
14,1,1
9,1,1
8,1,1
8,1,1
12,2,1
5,1,1
6,2,1
19,1,1
4,1,1
15,1,1
20,1,1
6,1,1
2,1,1
6,1,1
10,1,1
52,1,1
32,1,1
35,2,1
8,1,1
2,1,1
11,1,1
14,1,1
13,1,1
24,2,1
26,1,1
26,1,1
56,1,1
24,1,1
11,1,1
2,1,1
6,1,1
47,1,1
54,2,1
12,1,1
13,1,1
10,1,1
12,1,1
13,1,1
7,1,1
5,1,1
13,1,1
29,1,1
22,2,1
9,1,1
12,1,1
7,1,1
9,1,1
8,1,1
17,1,1
8,1,1
5,1,1
5,1,1
6,1,1
5,1,1
8,1,1
6,1,1
3,1,1
7,1,1
7,1,1
3,1,1
3,1,1
8,1,1
6,1,1
6,1,1
8,1,1
5,1,1
5,1,1
6,1,1
3,1,1
4,1,1
2,1,1
8,1,1
6,1,1
8,1,1
4,1,1
6,1,1
5,1,1
2,1,1
3,1,1
3,1,1
9,1,1
9,1,1
5,1,1
7,1,1
5,1,1
7,1,1
6,1,1
8,1,1
5,1,1
6,1,1
7,1,1
5,1,1
3,1,1
6,1,1
7,1,1
4,1,1
4,1,1
5,1,1
7,1,1
7,1,1
4,1,1
6,1,1
5,1,1
3,1,1
23,1,1
3,1,1
16,1,1
9,1,1
3,1,1
3,1,1
11,1,1
5,1,1
11,2,1
14,1,1
6,1,1
18,1,1
8,1,1
7,1,1
14,1,1
31,1,1
25,1,1
15,1,1
14,1,1
4,1,1
12,1,1
16,1,1
3,1,1
1,1,1
8,2,1
9,1,1
2,1,1
14,1,1
19,1,1
27,1,1
6,1,1
22,1,1
24,1,1
24,1,1
5,1,1
13,1,1
5,2,1
8,1,1
6,1,1
3,1,1
12,2,1
12,2,1
21,1,1
20,2,1
3,1,1
10,1,1
9,2,1
14,1,1
6,2,1
6,2,1
14,2,1
12,2,1
6,1,1
19,2,1
9,1,1
10,1,1
7,1,1
7,1,1
5,2,1
14,1,1
9,1,1
10,1,1
15,2,1
13,1,1
19,1,1
6,1,1
4,1,1
19,1,1
1,1,1
13,1,1
8,1,1
13,1,1
16,1,1
11,1,1
12,1,1
13,1,1
3,1,1
11,1,1
8,1,1
9,1,1
10,1,1
14,1,1
11,1,1
11,1,1
9,1,1
21,1,1
12,2,1
17,1,1
10,1,1
7,1,1
9,1,1
9,1,1
10,2,1
28,1,1
12,1,1
14,1,1
18,1,1
9,1,1
9,1,1
7,1,1
17,1,1
10,1,1
9,1,1
5,1,1
11,1,1
18,2,1
13,1,1
11,1,1
16,2,1
8,1,1
15,2,1
35,3,1
26,1,1
19,1,1
17,2,1
14,1,1
16,1,1
95,2,1
46,1,1
47,2,1
47,2,1
49,1,1
54,2,1
66,2,1
27,1,1
34,1,1
7,1,1
16,1,1
5,1,1
3,1,1
5,1,1
7,1,1
8,1,1
18,1,1
13,2,1
7,1,1
12,2,1
6,2,1
6,1,1
7,1,1
10,1,1
9,1,1
12,1,1
4,1,1
16,1,1
13,1,1
4,1,1
14,1,1
6,1,1
3,1,1
7,1,1
8,1,1
14,1,1
6,1,1
5,1,1
9,1,1
16,1,1
10,1,1
10,1,1
12,1,1
46,1,1
23,1,1
22,1,1
45,1,1
8,1,1
17,1,1
12,1,1
15,1,1
11,1,1
16,1,1
8,1,1
13,1,1
9,2,1
26,1,1
20,2,1
10,1,1
20,1,1
23,1,1
14,1,1
32,1,1
11,1,1
37,2,1
17,1,1
5,1,1
31,2,1
16,2,1
15,3,1
16,1,1
26,2,1
11,1,1
10,1,1
9,1,1
7,1,1
3,1,1
9,1,1
47,1,1
7,2,1
11,1,1
8,1,1
12,1,1
8,1,1
12,1,1
6,1,1
18,1,1
12,1,1
24,1,1
24,1,1
3,1,1
11,1,1
8,1,1
10,1,1
7,1,1
44,2,1
30,1,1
77,1,1
13,1,1
24,1,1
35,1,1
33,1,1
36,1,1
35,1,1
14,1,1
4,1,1
12,1,1
17,1,1
12,1,1
6,1,1
19,1,1
22,1,1
34,1,1
15,1,1
29,1,1
9,1,1
6,1,1
13,1,1
14,1,1
30,1,1
14,1,1
7,1,1
8,1,1
8,1,1
7,1,1
9,1,1
21,1,1
10,1,1
13,2,1
25,2,1
13,1,1
4,1,1
29,2,1
17,1,1
3,1,1
14,2,1
12,1,1
2,1,1
43,1,1
12,1,1
8,1,1
13,1,1
14,2,1
13,2,1
13,1,1
13,1,1
7,1,1
12,1,1
24,1,1
18,1,1
27,1,1
4,1,1
15,1,1
9,1,1
8,1,1
8,1,1
6,1,1
11,1,1
17,1,1
11,2,1
8,1,1
16,2,1
25,1,1
21,1,1
15,1,1
21,1,1
27,1,1
13,1,1
6,1,1
6,1,1
6,1,1
6,1,1
7,1,1
17,1,1
13,1,1
9,1,1
12,1,1
23,3,1
9,1,1
26,1,1
9,1,1
9,1,1
17,1,1
14,1,1
9,1,1
10,1,1
13,1,1
12,1,1
4,1,1
2,1,1
2,1,1
5,1,1
9,1,1
12,1,1
4,1,1
7,1,1
12,1,1
4,1,1
24,1,1
13,2,1
18,1,1
17,1,1
9,1,1
2,1,1
6,1,1
10,1,1
7,1,1
12,1,1
30,1,1
8,1,1
23,1,1
9,1,1
36,2,1
17,1,1
17,2,1
12,1,1
27,1,1
36,1,1
31,1,1
11,1,1
16,1,1
11,1,1
16,1,1
15,2,1
24,1,1
27,1,1
19,1,1
26,1,1
16,1,1
25,2,1
32,1,1
35,2,1
18,2,1
21,2,1
18,3,1
7,1,1
15,1,1
36,1,1
14,1,1
12,1,1
6,1,1
14,2,1
20,2,1
11,2,1
66,1,1
10,1,1
9,2,1
10,2,1
4,1,1
8,1,1
14,1,1
31,2,1
10,1,1
8,1,1
14,1,1
13,1,1
16,1,1
12,1,1
12,1,1
7,1,1
4,1,1
4,1,1
4,1,1
6,1,1
9,1,1
4,1,1
20,1,1
2,1,1
6,1,1
13,1,1
11,1,1
13,1,1
16,1,1
17,1,1
41,1,1
13,1,1
5,1,1
7,1,1
23,1,1
13,1,1
14,1,1
11,1,1
28,1,1
25,1,1
14,1,1
14,1,1
26,1,1
12,1,1
6,1,1
7,1,1
14,1,1
8,1,1
26,1,1
22,3,1
4,1,1
29,1,1
6,1,1
12,1,1
16,1,1
6,1,1
16,1,1
16,1,1
12,2,1
14,2,1
4,1,1
24,2,1
23,1,1
35,1,1
19,1,1
32,1,1
16,1,1
12,1,1
19,1,1
15,1,1
14,1,1
5,1,1
13,1,1
2,1,1
2,1,1
13,1,1
6,1,1
17,1,1
13,1,1
4,1,1
11,1,1
13,1,1
19,1,1
36,1,1
18,1,1
14,1,1
16,1,1
23,3,1
19,2,1
10,1,1
8,1,1
6,1,1
6,1,1
9,1,1
31,1,1
1,1,1
3,1,1
8,1,1
6,1,1
7,1,1
29,1,1
6,1,1
10,1,1
11,1,1
9,1,1
18,1,1
10,2,1
4,1,1
21,1,1
20,1,1
9,2,1
10,1,1
17,1,1
8,1,1
25,1,1
12,1,1
18,1,1
65,1,1
14,1,1
4,1,1
24,2,1
8,1,1
21,2,1
9,2,1
30,1,1
12,2,1
33,1,1
9,1,1
9,1,1
10,1,1
16,2,1
5,1,1
9,1,1
5,1,1
6,1,1
8,1,1
7,1,1
8,1,1
22,1,1
5,1,1
5,1,1
5,1,1
20,2,1
11,2,1
11,1,1
26,1,1
13,1,1
21,1,1
15,1,1
22,1,1
27,1,1
7,1,1
9,1,1
5,1,1
16,1,1
13,1,1
6,1,1
12,1,1
8,1,1
17,1,1
24,2,1
15,2,1
5,2,1
15,1,1
21,2,1
7,1,1
18,1,1
11,1,1
10,1,1
7,1,1
30,2,1
42,1,1
3,1,1
21,1,1
15,2,1
8,1,1
9,1,1
11,1,1
12,2,1
15,1,1
9,1,1
17,3,1
9,1,1
7,1,1
5,1,1
9,1,1
10,1,1
23,1,1
18,1,1
13,1,1
20,1,1
5,1,1
16,1,1
5,1,1
21,1,1
20,1,1
18,1,1
11,1,1
4,1,1
11,1,1
13,1,1
15,1,1
42,1,1
29,1,1
36,2,1
56,1,1
7,1,1
8,1,1
3,1,1
18,1,1
29,1,1
8,1,1
7,1,1
2,1,1
13,1,1
14,2,1
19,1,1
10,1,1
13,1,1
42,1,1
64,1,1
8,1,1
7,1,1
1,1,1
12,1,1
12,1,1
7,1,1
16,1,1
22,1,1
13,1,1
8,1,1
29,1,1
4,1,1
8,1,1
16,1,1
40,1,1
21,1,1
28,1,1
13,1,1
26,3,1
20,1,1
11,2,1
17,1,1
11,2,1
1,1,1
13,1,1
12,1,1
16,1,1
5,1,1
11,1,1
6,1,1
7,1,1
4,1,1
6,1,1
7,1,1
8,1,1
13,2,1
35,1,1
17,1,1
16,1,1
32,1,1
24,1,1
15,1,1
19,1,1
9,1,1
7,1,1
10,1,1
17,1,1
8,1,1
8,1,1
12,2,1
18,1,1
14,1,1
44,2,1
22,1,1
34,1,1
32,1,1
25,1,1
21,1,1
10,1,1
11,1,1
8,2,1
9,1,1
10,1,1
14,1,1
8,1,1
14,1,1
15,1,1
11,1,1
10,1,1
6,1,1
12,1,1
9,1,1
25,1,1
14,1,1
19,1,1
26,1,1
40,1,1
34,1,1
9,1,1
11,1,1
7,1,1
4,1,1
9,1,1
18,1,1
29,1,1
21,1,1
14,1,1
32,1,1
9,1,1
3,1,1
17,1,1
6,1,1
4,1,1
13,1,1
17,1,1
10,1,1
19,1,1
9,1,1
17,1,1
13,1,1
9,1,1
4,1,1
6,1,1
5,1,1
22,1,1
18,1,1
16,1,1
11,1,1
12,1,1
15,1,1
11,1,1
14,1,1
10,1,1
8,1,1
15,1,1
37,1,1
7,1,1
7,1,1
7,1,1
6,1,1
23,2,1
36,1,1
12,1,1
5,1,1
22,1,1
38,1,1
24,1,1
9,2,1
16,1,1
11,1,1
18,1,1
20,1,1
6,1,1
28,1,1
11,1,1
15,1,1
12,1,1
31,1,1
9,1,1
10,2,1
36,1,1
7,1,1
8,1,1
16,1,1
31,2,1
12,1,1
8,1,1
5,1,1
8,1,1
19,1,1
11,2,1
14,1,1
4,1,1
9,1,1
1,1,1
4,1,1
12,1,1
11,1,1
13,1,1
9,1,1
9,1,1
3,1,1
2,1,1
2,1,1
7,1,1
9,1,1
17,1,1
28,1,1
7,1,1
2,1,1
6,1,1
4,1,1
4,1,1
7,2,1
11,2,1
15,1,1
3,1,1
6,2,1
19,1,1
17,1,1
22,1,1
10,1,1
7,1,1
8,1,1
10,1,1
4,1,1
15,1,1
7,1,1
5,1,1
20,1,1
9,1,1
7,1,1
17,1,1
4,1,1
15,1,1
8,1,1
6,1,1
10,1,1
2,1,1
25,1,1
13,1,1
18,1,1
9,1,1
16,1,1
26,3,1
9,1,1
3,1,1
11,1,1
6,2,1
15,1,1
17,1,1
14,1,1
21,1,1
18,1,1
16,1,1
12,1,1
25,1,1
16,1,1
6,1,1
12,2,1
15,1,1
5,1,1
3,1,1
5,1,1
5,1,1
15,1,1
23,1,1
9,1,1
9,1,1
2,1,1
2,1,1
7,1,1
10,1,1
6,1,1
5,1,1
9,1,1
4,1,1
23,1,1
28,1,1
17,1,1
12,1,1
33,1,1
8,1,1
52,1,1
12,1,1
14,1,1
7,1,1
18,1,1
9,1,1
22,1,1
5,1,1
18,1,1
10,1,1
37,1,1
19,1,1
15,1,1
9,1,1
5,1,1
3,1,1
20,1,1
6,1,1
14,1,1
5,1,1
6,1,1
5,1,1
17,1,1
11,1,1
33,1,1
21,1,1
9,1,1
10,1,1
15,1,1
17,1,1
18,1,1
11,1,1
11,1,1
13,1,1
29,1,1
36,1,1
28,1,1
28,1,1
13,1,1
47,1,1
18,1,1
10,1,1
3,1,1
2,1,1
17,1,1
13,1,1
7,1,1
11,1,1
11,1,1
14,1,1
34,1,1
8,1,1
10,1,1
13,1,1
9,1,1
9,2,1
9,1,1
12,2,1
13,1,1
5,1,1
5,1,1
7,1,1
5,1,1
16,1,1
12,1,1
19,1,1
8,2,1
20,1,1
40,1,1
15,1,1
33,1,1
4,1,1
12,1,1
24,1,1
25,1,1
28,1,1
30,1,1
33,1,1
29,1,1
21,1,1
18,1,1
49,1,1
19,1,1
42,1,1
10,1,1
31,1,1
29,1,1
55,1,1
34,1,1
21,1,1
7,1,1
24,1,1
2,1,1
23,1,1
7,1,1
11,1,1
27,1,1
6,1,1
19,1,1
13,1,1
7,1,1
8,1,1
10,1,1
9,1,1
19,1,1
21,1,1
18,1,1
15,1,1
35,2,1
9,1,1
11,2,1
26,1,1
13,1,1
8,1,1
6,1,1
13,1,1
4,1,1
14,1,1
19,1,1
10,1,1
13,1,1
12,1,1
3,1,1
14,1,1
15,1,1
9,1,1
14,1,1
10,1,1
3,1,1
11,2,1
12,1,1
15,1,1
5,1,1
7,1,1
13,2,1
12,2,1
5,1,1
10,1,1
16,1,1
19,1,1
26,1,1
16,1,1
9,1,1
10,1,1
24,1,1
26,2,1
47,2,1
40,1,1
20,1,1
21,1,1
12,1,1
6,1,1
12,1,1
16,1,1
10,1,1
5,1,1
11,1,1
16,2,1
7,2,1
8,1,1
18,1,1
6,1,1
23,4,1
8,1,1
8,2,1
19,1,1
13,1,1
8,1,1
5,1,1
8,1,1
21,1,1
9,1,1
4,1,1
7,1,1
11,1,1
13,1,1
20,1,1
12,1,1
27,1,1
18,1,1
12,1,1
18,1,1
6,1,1
12,2,1
7,1,1
7,1,1
7,1,1
24,1,1
2,1,1
12,1,1
19,1,1
9,1,1
9,1,1
13,1,1
4,1,1
3,1,1
12,1,1
5,1,1
5,1,1
12,1,1
2,1,1
4,1,1
12,1,1
9,1,1
9,1,1
7,1,1
6,1,1
5,1,1
6,1,1
4,1,1
7,1,1
13,1,1
2,1,1
2,1,1
5,1,1
10,1,1
17,1,1
17,1,1
14,1,1
7,1,1
16,1,1
13,1,1
23,1,1
9,1,1
10,2,1
8,1,1
14,1,1
11,1,1
12,1,1
22,1,1
12,1,1
13,1,1
9,1,1
27,1,1
4,1,1
4,2,1
26,1,1
18,1,1
27,2,1
13,1,1
20,1,1
18,1,1
6,1,1
7,1,1
43,1,1
20,1,1
26,1,1
18,1,1
8,1,1
20,1,1
11,1,1
13,1,1
17,2,1
34,1,1
10,1,1
7,1,1
8,1,1
12,1,1
7,1,1
11,1,1
11,1,1
9,1,1
14,1,1
7,1,1
6,2,1
10,1,1
23,1,1
8,1,1
9,1,1
11,1,1
9,1,1
11,1,1
38,1,1
12,1,1
24,1,1
11,1,1
14,1,1
18,1,1
4,1,1
17,1,1
11,1,1
12,1,1
17,1,1
9,1,1
13,1,1
10,1,1
24,1,1
6,1,1
18,2,1
17,1,1
16,1,1
63,1,1
8,1,1
6,1,1
17,1,1
25,1,1
6,1,1
9,1,1
10,1,1
18,1,1
12,1,1
14,1,1
6,1,1
6,1,1
11,1,1
9,1,1
6,1,1
3,1,1
3,1,1
16,1,1
3,1,1
11,2,1
2,1,1
10,1,1
4,1,1
6,1,1
4,1,1
7,1,1
6,1,1
6,1,1
9,1,1
7,1,1
13,1,1
26,2,1
29,2,1
21,1,1
7,1,1
9,1,1
3,1,1
5,1,1
9,1,1
21,1,1
10,1,1
9,1,1
24,1,1
29,1,1
9,1,1
13,1,1
15,1,1
19,1,1
2,1,1
11,1,1
12,1,1
11,1,1
5,1,1
8,1,1
10,1,1
5,1,1
3,1,1
14,1,1
7,1,1
8,1,1
3,1,1
12,1,1
14,1,1
5,1,1
6,1,1
12,1,1
9,1,1
7,1,1
12,1,1
12,1,1
19,1,1
11,1,1
32,1,1
26,2,1
11,1,1
10,1,1
34,1,1
21,1,1
14,1,1
7,1,1
19,1,1
58,2,1
5,1,1
6,1,1
9,1,1
17,1,1
56,1,1
56,1,1
12,1,1
14,1,1
5,1,1
11,1,1
16,1,1
9,1,1
13,1,1
5,1,1
4,1,1
32,1,1
16,1,1
16,1,1
14,1,1
7,1,1
9,1,1
12,1,1
17,1,1
8,1,1
5,1,1
5,1,1
6,1,1
7,1,1
7,1,1
15,1,1
8,1,1
27,1,1
15,1,1
8,1,1
20,2,1
19,1,1
7,1,1
3,1,1
17,1,1
34,1,1
8,1,1
12,1,1
8,1,1
7,1,1
9,2,1
8,1,1
25,2,1
18,2,1
6,1,1
8,1,1
13,1,1
11,1,1
27,3,1
4,1,1
9,1,1
9,1,1
5,1,1
11,1,1
15,1,1
21,1,1
10,1,1
16,1,1
7,1,1
13,1,1
9,1,1
5,1,1
17,1,1
9,1,1
13,1,1
4,1,1
5,1,1
8,1,1
17,1,1
15,1,1
12,2,1
9,2,1
33,2,1
31,1,1
11,1,1
10,1,1
17,1,1
8,1,1
18,2,1
18,1,1
15,2,1
24,1,1
25,1,1
29,2,1
18,2,1
19,1,1
22,1,1
11,1,1
17,1,1
17,2,1
6,1,1
14,1,1
6,1,1
12,1,1
14,1,1
7,1,1
15,1,1
16,1,1
19,1,1
8,1,1
11,1,1
14,1,1
15,1,1
20,2,1
13,1,1
1,1,1
17,1,1
6,1,1
18,1,1
14,1,1
19,1,1
23,2,1
13,1,1
14,1,1
23,1,1
24,1,1
8,1,1
7,1,1
5,1,1
10,1,1
11,1,1
1,1,1
8,1,1
19,1,1
13,2,1
6,1,1
4,1,1
7,1,1
15,1,1
40,2,1
20,1,1
7,1,1
33,2,1
5,2,1
27,1,1
18,1,1
12,1,1
23,1,1
18,1,1
11,1,1
5,1,1
10,1,1
6,1,1
22,1,1
19,1,1
21,1,1
19,1,1
12,1,1
9,1,1
24,1,1
18,1,1
10,1,1
5,2,1
21,1,1
8,1,1
17,1,1
33,1,1
11,2,1
13,1,1
5,1,1
11,1,1
14,1,1
20,1,1
17,1,1
20,1,1
8,1,1
13,1,1
15,1,1
18,1,1
34,1,1
16,1,1
19,1,1
18,1,1
8,1,1
3,1,1
8,1,1
16,1,1
16,1,1
24,1,1
6,1,1
5,1,1
15,2,1
26,2,1
15,1,1
2,1,1
5,1,1
6,1,1
19,1,1
22,1,1
11,1,1
15,1,1
9,1,1
19,1,1
1,1,1
15,2,1
10,1,1
8,1,1
73,1,1
21,1,1
35,1,1
20,1,1
19,1,1
17,2,1
25,1,1
29,2,1
29,2,1
21,1,1
11,1,1
15,1,1
15,1,1
33,1,1
9,1,1
37,1,1
23,1,1
12,1,1
4,2,1
11,1,1
25,1,1
5,1,1
13,1,1
7,1,1
5,1,1
12,1,1
27,1,1
16,1,1
11,1,1
22,1,1
14,1,1
28,1,1
12,1,1
7,1,1
7,1,1
25,1,1
5,1,1
10,1,1
20,1,1
15,1,1
10,1,1
12,1,1
8,1,1
18,1,1
7,1,1
14,1,1
7,1,1
20,1,1
15,1,1
25,1,1
3,1,1
9,1,1
7,1,1
11,1,1
11,1,1
7,1,1
3,1,1
10,2,1
18,1,1
14,2,1
17,1,1
29,3,1
23,1,1
25,1,1
12,1,1
7,1,1
20,2,1
8,1,1
7,1,1
8,1,1
14,2,1
7,1,1
18,2,1
18,1,1
15,1,1
15,1,1
18,1,1
28,1,1
6,1,1
9,1,1
26,1,1
27,1,1
15,1,1
40,1,1
22,1,1
36,1,1
12,1,1
8,1,1
8,1,1
8,1,1
6,1,1
33,1,1
30,2,1
22,1,1
17,1,1
10,1,1
3,1,1
30,1,1
22,1,1
9,1,1
13,1,1
11,1,1
11,1,1
40,1,1
8,1,1
11,1,1
26,1,1
19,1,1
8,1,1
26,1,1
13,1,1
7,1,1
7,1,1
14,1,1
9,1,1
6,1,1
22,1,1
28,2,1
15,1,1
18,1,1
11,1,1
15,1,1
13,1,1
23,1,1
18,1,1
16,1,1
9,1,1
9,1,1
13,1,1
3,1,1
6,1,1
7,1,1
6,1,1
16,1,1
6,1,1
14,1,1
13,1,1
15,1,1
11,1,1
7,1,1
15,1,1
14,1,1
11,1,1
18,1,1
3,1,1
2,1,1
2,1,1
21,1,1
13,1,1
5,1,1
7,1,1
9,1,1
4,2,1
6,1,1
5,1,1
6,2,1
8,1,1
11,1,1
11,1,1
10,1,1
10,1,1
3,1,1
8,1,1
10,1,1
11,1,1
11,1,1
9,3,1
12,2,1
10,1,1
4,1,1
4,1,1
41,3,1
18,1,1
12,1,1
13,2,1
12,1,1
10,1,1
19,1,1
15,1,1
19,1,1
4,1,1
4,1,1
7,1,1
14,1,1
11,1,1
5,1,1
10,1,1
5,1,1
6,1,1
19,1,1
10,1,1
72,2,1
21,1,1
30,1,1
13,1,1
8,1,1
39,1,1
12,1,1
8,1,1
14,1,1
11,1,1
2,1,1
28,1,1
15,1,1
20,2,1
13,1,1
14,1,1
17,1,1
13,1,1
18,1,1
11,1,1
11,1,1
4,1,1
9,1,1
10,1,1
7,1,1
6,1,1
12,2,1
15,1,1
17,1,1
13,1,1
6,1,1
4,1,1
4,1,1
7,1,1
11,1,1
10,1,1
19,1,1
24,1,1
14,1,1
15,1,1
11,1,1
11,1,1
4,1,1
11,1,1
21,1,1
15,1,1
6,1,1
12,1,1
14,1,1
6,1,1
26,2,1
6,1,1
2,1,1
6,1,1
9,1,1
6,1,1
9,1,1
48,1,1
26,1,1
11,1,1
9,1,1
1,1,1
22,1,1
22,1,1
47,1,1
8,1,1
41,1,1
19,1,1
13,1,1
27,1,1
21,1,1
31,1,1
16,1,1
22,1,1
53,1,1
25,2,1
11,2,1
11,1,1
13,2,1
13,1,1
10,1,1
30,2,1
18,2,1
10,1,1
6,1,1
8,1,1
5,1,1
11,1,1
12,1,1
8,1,1
4,1,1
3,1,1
5,1,1
3,1,1
10,1,1
10,1,1
7,1,1
21,1,1
18,1,1
8,1,1
18,1,1
19,1,1
8,1,1
14,1,1
9,1,1
19,1,1
10,1,1
8,2,1
9,1,1
11,2,1
12,2,1
6,1,1
7,1,1
11,2,1
15,3,1
5,1,1
14,2,1
13,2,1
16,1,1
23,1,1
17,1,1
14,1,1
28,1,1
18,1,1
73,1,1
10,1,1
3,1,1
9,1,1
9,1,1
2,1,1
9,1,1
1,1,1
9,1,1
7,1,1
16,1,1
4,1,1
16,1,1
27,1,1
9,1,1
3,1,1
2,1,1
4,1,1
4,1,1
10,1,1
25,1,1
26,1,1
42,1,1
10,1,1
11,1,1
8,1,1
15,1,1
8,1,1
7,1,1
11,1,1
24,1,1
13,1,1
17,1,1
6,1,1
22,1,1
15,1,1
11,1,1
7,1,1
23,1,1
6,1,1
8,1,1
15,1,1
19,1,1
9,1,1
6,1,1
13,1,1
6,1,1
7,1,1
2,1,1
9,1,1
13,1,1
14,1,1
15,1,1
14,1,1
6,1,1
13,1,1
15,1,1
6,1,1
18,1,1
30,1,1
29,1,1
33,1,1
17,1,1
14,1,1
21,1,1
6,1,1
16,1,1
26,2,1
13,1,1
4,1,1
23,1,1
20,1,1
9,1,1
7,1,1
14,2,1
10,2,1
12,1,1
9,2,1
8,1,1
18,2,1
12,2,1
6,1,1
8,1,1
6,1,1
9,1,1
26,1,1
8,1,1
25,1,1
31,1,1
14,1,1
21,1,1
5,1,1
13,1,1
4,1,1
25,1,1
7,1,1
6,1,1
19,1,1
5,1,1
7,1,1
13,1,1
16,1,1
10,1,1
5,1,1
10,1,1
13,1,1
14,1,1
2,1,1
29,1,1
73,1,1
31,1,1
37,1,1
23,1,1
15,1,1
13,1,1
15,1,1
6,1,1
3,1,1
8,1,1
24,1,1
1,1,1
5,1,1
13,1,1
16,1,1
6,1,1
9,1,1
15,1,1
13,1,1
3,1,1
14,1,1
6,1,1
6,1,1
13,1,1
11,2,1
11,2,1
10,2,1
6,1,1
11,1,1
15,2,1
11,2,1
8,3,1
9,2,1
17,3,1
8,1,1
14,3,1
15,1,1
10,1,1
7,1,1
7,1,1
2,1,1
2,1,1
2,1,1
2,1,1
12,1,1
5,1,1
9,1,1
15,1,1
21,1,1
19,1,1
18,1,1
21,1,1
11,1,1
11,1,1
7,1,1
6,1,1
6,1,1
13,1,1
2,1,1
14,1,1
8,1,1
12,1,1
11,2,1
13,2,1
10,1,1
6,1,1
6,1,1
11,1,1
8,1,1
2,1,1
20,1,1
38,1,1
13,1,1
12,1,1
11,1,1
11,1,1
10,1,1
9,1,1
9,1,1
3,1,1
22,1,1
7,1,1
7,1,1
3,1,1
7,1,1
10,1,1
13,1,1
22,1,1
9,1,1
10,1,1
7,1,1
10,1,1
13,1,1
13,1,1
31,2,1
24,1,1
10,1,1
14,1,1
8,1,1
10,1,1
6,1,1
11,1,1
10,1,1
16,1,1
8,1,1
13,1,1
15,1,1
4,1,1
12,1,1
12,1,1
19,1,1
14,1,1
5,1,1
8,1,1
8,1,1
7,1,1
10,1,1
23,1,1
9,1,1
7,1,1
20,1,1
25,1,1
24,1,1
25,1,1
43,1,1
21,1,1
10,1,1
31,1,1
12,1,1
13,1,1
8,1,1
16,1,1
10,1,1
7,1,1
21,1,1
19,2,1
15,1,1
16,1,1
6,1,1
6,1,1
2,1,1
11,1,1
5,1,1
18,1,1
23,1,1
30,1,1
12,1,1
6,1,1
14,1,1
14,1,1
10,1,1
6,1,1
7,1,1
12,1,1
13,1,1
16,1,1
11,1,1
1,1,1
5,1,1
19,2,1
11,1,1
10,1,1
6,1,1
8,1,1
11,1,1
11,1,1
5,1,1
17,1,1
12,1,1
7,1,1
13,1,1
13,1,1
17,1,1
16,1,1
12,1,1
26,1,1
16,1,1
31,1,1
18,1,1
10,1,1
21,1,1
17,1,1
16,1,1
11,1,1
19,1,1
3,1,1
5,2,1
3,1,1
3,1,1
3,1,1
8,1,1
27,1,1
6,1,1
19,1,1
13,1,1
1,1,1
3,1,1
1,1,1
3,1,1
4,1,1
35,1,1
16,1,1
16,2,1
23,1,1
4,1,1
14,1,1
12,1,1
9,1,1
3,1,1
4,1,1
8,1,1
13,1,1
11,1,1
6,1,1
19,1,1
10,1,1
5,1,1
31,1,1
4,1,1
20,3,1
10,1,1
18,1,1
20,1,1
18,1,1
5,1,1
21,2,1
6,1,1
26,1,1
26,2,1
15,1,1
15,2,1
9,1,1
15,1,1
46,2,1
13,1,1
3,1,1
4,1,1
10,1,1
6,1,1
3,1,1
3,1,1
6,1,1
6,1,1
15,1,1
17,2,1
36,2,1
20,1,1
15,1,1
15,1,1
17,1,1
40,1,1
14,1,1
6,1,1
15,1,1
30,2,1
20,2,1
1,2,1
11,2,1
11,1,1
4,1,1
6,1,1
8,1,1
9,1,1
11,1,1
7,1,1
5,1,1
22,1,1
2,1,1
3,1,1
8,1,1
8,1,1
6,1,1
9,1,1
6,1,1
12,1,1
16,1,1
7,1,1
9,1,1
19,1,1
17,1,1
2,1,1
8,1,1
13,1,1
11,2,1
17,1,1
8,1,1
2,2,1
4,1,1
10,1,1
16,1,1
21,1,1
15,2,1
6,1,1
25,1,1
8,1,1
28,1,1
10,1,1
23,1,1
6,1,1
9,1,1
19,1,1
15,1,1
8,1,1
11,1,1
15,1,1
13,1,1
5,1,1
11,1,1
8,2,1
20,1,1
9,1,1
6,1,1
9,1,1
14,1,1
7,1,1
10,1,1
23,1,1
22,2,1
12,1,1
7,1,1
10,1,1
4,1,1
28,1,1
5,1,1
9,1,1
16,1,1
7,1,1
8,1,1
6,1,1
3,1,1
4,1,1
13,1,1
5,1,1
7,1,1
10,1,1
11,1,1
10,1,1
8,1,1
11,1,1
15,1,1
10,1,1
7,1,1
10,2,1
12,2,1
12,2,1
12,1,1
12,1,1
23,1,1
27,1,1
10,1,1
18,1,1
12,1,1
8,1,1
16,1,1
11,1,1
31,1,1
14,1,1
17,1,1
23,1,1
16,1,1
13,1,1
17,1,1
8,1,1
12,1,1
17,1,1
12,1,1
7,1,1
6,1,1
13,1,1
6,1,1
38,1,1
6,1,1
7,1,1
21,2,1
23,1,1
11,2,1
21,1,1
13,2,1
7,1,1
11,2,1
9,1,1
21,1,1
25,1,1
9,1,1
12,1,1
8,1,1
3,1,1
7,1,1
11,1,1
16,1,1
8,1,1
18,1,1
18,1,1
8,1,1
18,2,1
12,1,1
6,1,1
6,1,1
9,1,1
3,1,1
7,1,1
22,1,1
21,1,1
23,1,1
11,1,1
5,1,1
4,1,1
7,1,1
12,2,1
37,2,1
5,1,1
11,1,1
11,1,1
19,1,1
8,1,1
3,1,1
24,1,1
15,1,1
25,1,1
35,1,1
3,1,1
9,1,1
15,1,1
19,1,1
14,2,1
32,1,1
22,1,1
30,1,1
26,1,1
10,1,1
15,1,1
6,1,1
12,1,1
17,1,1
13,1,1
10,1,1
13,1,1
17,2,1
6,2,1
4,1,1
11,1,1
28,1,1
27,1,1
23,1,1
13,1,1
18,1,1
19,1,1
15,1,1
11,2,1
3,1,1
14,1,1
8,1,1
8,1,1
16,1,1
14,1,1
15,1,1
11,1,1
25,1,1
17,1,1
25,1,1
15,1,1
16,1,1
31,1,1
18,1,1
32,2,1
4,1,1
6,1,1
6,1,1
17,1,1
12,2,1
11,1,1
14,1,1
13,2,1
10,1,1
8,1,1
13,1,1
19,1,1
8,1,1
13,2,1
14,2,1
28,2,1
8,1,1
16,1,1
16,1,1
13,1,1
12,1,1
20,1,1
12,1,1
20,1,1
8,1,1
19,2,1
24,1,1
14,1,1
14,1,1
15,1,1
5,2,1
5,1,1
29,1,1
4,1,1
14,1,1
12,1,1
13,2,1
3,1,1
17,2,1
11,1,1
32,1,1
10,1,1
18,1,1
28,2,1
19,1,1
21,1,1
7,1,1
5,1,1
7,1,1
3,1,1
14,1,1
8,1,1
17,1,1
4,1,1
9,1,1
17,1,1
6,1,1
17,1,1
12,1,1
8,1,1
10,1,1
12,1,1
16,1,1
12,1,1
33,1,1
21,2,1
23,1,1
22,1,1
17,1,1
22,1,1
12,1,1
14,1,1
38,2,1
5,1,1
4,1,1
11,1,1
8,1,1
18,1,1
18,1,1
10,1,1
24,1,1
15,1,1
9,1,1
9,1,1
13,1,1
16,1,1
17,1,1
5,1,1
9,1,1
23,1,1
14,1,1
12,1,1
9,1,1
11,1,1
10,1,1
11,1,1
18,1,1
12,2,1
10,1,1
4,1,1
42,1,1
4,1,1
11,1,1
9,1,1
23,1,1
13,1,1
8,1,1
18,1,1
9,1,1
10,2,1
7,1,1
12,1,1
11,1,1
17,1,1
18,1,1
10,1,1
9,1,1
34,1,1
23,1,1
3,1,1
4,1,1
5,1,1
5,1,1
28,1,1
14,2,1
2,1,1
32,2,1
10,1,1
4,1,1
9,1,1
11,1,1
6,1,1
6,1,1
8,2,1
4,1,1
19,2,1
11,1,1
6,1,1
10,2,1
30,2,1
17,3,1
8,1,1
11,2,1
14,1,1
16,1,1
8,3,1
12,1,1
5,1,1
9,1,1
19,1,1
28,2,1
11,1,1
32,1,1
8,1,1
21,1,1
11,2,1
23,2,1
15,2,1
7,2,1
10,1,1
8,1,1
10,2,1
14,1,1
11,1,1
6,1,1
24,2,1
13,1,1
7,1,1
8,1,1
6,1,1
7,1,1
25,1,1
28,1,1
3,1,1
6,1,1
6,1,1
6,1,1
10,1,1
5,1,1
24,1,1
51,1,1
27,1,1
4,1,1
6,1,1
20,1,1
4,1,1
5,1,1
3,1,1
3,1,1
3,1,1
4,1,1
29,1,1
8,1,1
14,1,1
9,1,1
11,1,1
10,1,1
28,2,1
44,1,1
13,2,1
5,1,1
21,1,1
11,1,1
2,2,1
2,1,1
9,1,1
11,1,1
9,1,1
12,1,1
11,1,1
17,1,1
6,1,1
16,1,1
8,1,1
9,1,1
14,1,1
16,1,1
14,2,1
6,1,1
19,1,1
31,1,1
8,1,1
16,2,1
15,1,1
26,1,1
26,1,1
17,1,1
15,1,1
10,1,1
22,1,1
7,1,1
15,1,1
15,1,1
20,1,1
26,1,1
3,1,1
10,2,1
5,2,1
5,1,1
7,1,1
10,2,1
25,1,1
13,1,1
15,1,1
10,1,1
10,1,1
12,1,1
29,1,1
13,1,1
9,1,1
15,1,1
16,1,1
6,1,1
18,1,1
4,2,1
19,2,1
32,1,1
34,1,1
30,1,1
22,1,1
44,1,1
10,1,1
14,1,1
30,1,1
19,2,1
8,1,1
17,1,1
12,1,1
7,1,1
11,1,1
4,1,1
17,1,1
38,1,1
11,1,1
8,1,1
11,1,1
20,1,1
8,1,1
5,1,1
26,1,1
32,1,1
8,1,1
10,1,1
8,1,1
13,1,1
12,1,1
8,1,1
6,2,1
11,1,1
19,1,1
16,1,1
11,1,1
9,1,1
9,1,1
4,1,1
7,1,1
10,2,1
14,1,1
84,1,1
20,1,1
8,1,1
19,1,1
23,2,1
70,1,1
111,1,1
12,1,1
11,1,1
15,1,1
9,1,1
10,1,1
18,2,1
9,1,1
20,1,1
25,3,1
7,1,1
6,1,1
13,1,1
27,1,1
7,1,1
20,1,1
41,1,1
20,1,1
25,1,1
25,1,1
23,2,1
9,1,1
18,2,1
4,1,1
10,1,1
29,1,1
14,1,1
11,1,1
13,1,1
15,1,1
5,1,1
28,1,1
31,2,1
10,1,1
3,1,1
11,1,1
9,1,1
5,1,1
20,1,1
4,1,1
18,1,1
19,1,1
15,2,1
11,1,1
25,1,1
9,1,1
9,1,1
17,1,1
12,1,1
33,1,1
20,1,1
22,1,1
14,1,1
41,1,1
17,1,1
20,1,1
5,1,1
6,1,1
5,1,1
8,1,1
7,1,1
7,1,1
8,1,1
21,1,1
1,1,1
26,1,1
17,1,1
23,1,1
13,1,1
30,1,1
39,1,1
21,1,1
26,1,1
9,1,1
23,1,1
11,1,1
11,1,1
14,1,1
20,1,1
28,1,1
8,1,1
11,1,1
12,3,1
8,1,1
15,2,1
17,1,1
16,1,1
13,1,1
12,1,1
9,1,1
36,1,1
5,1,1
9,1,1
8,1,1
17,1,1
18,1,1
10,1,1
11,1,1
4,1,1
2,1,1
18,1,1
10,1,1
16,1,1
9,1,1
31,1,1
13,1,1
17,1,1
10,1,1
11,1,1
10,1,1
5,1,1
13,1,1
6,1,1
6,1,1
7,1,1
13,1,1
12,1,1
12,2,1
11,2,1
30,1,1
49,2,1
19,1,1
7,1,1
20,1,1
27,1,1
18,2,1
20,1,1
6,1,1
6,1,1
25,1,1
18,1,1
13,1,1
15,1,1
6,1,1
5,1,1
16,1,1
7,1,1
14,1,1
7,1,1
5,1,1
15,1,1
28,2,1
17,1,1
21,1,1
29,1,1
42,1,1
33,1,1
12,1,1
13,2,1
8,1,1
18,2,1
5,1,1
4,1,1
8,1,1
8,1,1
7,1,1
7,1,1
7,1,1
7,1,1
19,1,1
19,1,1
31,1,1
7,1,1
9,1,1
22,1,1
15,1,1
16,1,1
16,1,1
18,2,1
13,1,1
15,1,1
10,1,1
10,1,1
11,1,1
9,1,1
14,1,1
10,1,1
11,1,1
23,1,1
25,1,1
8,1,1
9,1,1
27,1,1
28,2,1
22,1,1
24,1,1
12,1,1
24,1,1
7,1,1
12,1,1
7,1,1
18,1,1
9,1,1
9,1,1
8,1,1
3,1,1
9,1,1
9,2,1
2,2,1
7,1,1
7,1,1
11,1,1
2,2,1
3,2,1
9,1,1
14,2,1
37,2,1
25,1,1
43,1,1
6,1,1
8,1,1
43,1,1
13,1,1
10,1,1
9,1,1
4,1,1
7,1,1
8,1,1
9,1,1
7,1,1
13,1,1
25,1,1
12,1,1
2,1,1
4,1,1
18,1,1
14,1,1
9,1,1
11,1,1
18,1,1
20,1,1
24,1,1
18,1,1
12,1,1
6,1,1
8,1,1
15,1,1
6,1,1
6,1,1
12,1,1
10,1,1
7,1,1
19,1,1
6,1,1
2,1,1
8,1,1
2,1,1
2,1,1
2,1,1
12,1,1
5,1,1
16,2,1
15,1,1
18,1,1
11,1,1
15,1,1
10,1,1
20,1,1
7,1,1
8,1,1
7,1,1
3,1,1
9,1,1
4,1,1
7,1,1
20,1,1
13,1,1
2,1,1
5,2,1
22,1,1
28,1,1
4,1,1
17,1,1
4,1,1
23,1,1
7,1,1
17,1,1
25,1,1
6,1,1
5,1,1
46,1,1
10,1,1
11,2,1
5,2,1
2,1,1
2,1,1
20,1,1
27,1,1
68,1,1
31,1,1
17,1,1
11,1,1
18,1,1
15,1,1
3,1,1
3,1,1
5,1,1
25,1,1
16,1,1
6,1,1
5,1,1
8,1,1
6,1,1
4,1,1
18,1,1
9,1,1
37,1,1
23,1,1
34,1,1
2,1,1
5,1,1
4,1,1
14,1,1
4,1,1
1,1,1
29,1,1
21,1,1
10,1,1
9,1,1
18,1,1
9,1,1
14,1,1
7,1,1
16,1,1
13,1,1
9,1,1
11,1,1
18,1,1
6,1,1
7,1,1
21,2,1
32,1,1
7,1,1
12,1,1
7,1,1
14,1,1
12,1,1
34,1,1
31,1,1
11,1,1
37,1,1
11,1,1
16,1,1
10,2,1
18,1,1
15,1,1
15,1,1
8,1,1
14,1,1
13,1,1
1,1,1
11,1,1
3,1,1
13,1,1
18,1,1
21,1,1
16,1,1
11,1,1
9,1,1
29,1,1
25,1,1
10,1,1
18,1,1
3,1,1
10,1,1
54,1,1
8,1,1
20,1,1
26,1,1
8,1,1
4,1,1
21,1,1
5,1,1
5,1,1
12,1,1
36,1,1
16,1,1
4,1,1
16,1,1
3,1,1
19,1,1
5,1,1
11,1,1
5,1,1
14,1,1
4,1,1
13,1,1
7,2,1
42,2,1
13,2,1
69,2,1
13,1,1
17,1,1
18,2,1
17,1,1
9,1,1
11,1,1
12,1,1
5,1,1
16,1,1
13,1,1
12,1,1
16,2,1
19,1,1
11,1,1
7,1,1
14,1,1
19,1,1
5,1,1
12,1,1
3,1,1
5,1,1
11,1,1
24,1,1
24,1,1
33,1,1
8,1,1
16,2,1
9,1,1
26,1,1
9,1,1
32,1,1
3,1,1
8,1,1
7,1,1
8,1,1
2,1,1
12,3,1
14,1,1
11,1,1
9,1,1
25,3,1
26,1,1
14,1,1
9,1,1
9,1,1
7,1,1
6,1,1
9,1,1
4,1,1
8,1,1
8,1,1
12,1,1
15,1,1
12,1,1
9,1,1
7,1,1
27,1,1
14,1,1
6,1,1
11,1,1
9,1,1
8,1,1
23,1,1
8,1,1
10,1,1
31,1,1
10,1,1
10,1,1
10,1,1
80,1,1
14,2,1
19,1,1
19,1,1
18,1,1
15,1,1
22,1,1
30,1,1
28,1,1
22,1,1
16,1,1
28,1,1
10,1,1
16,1,1
27,3,1
20,2,1
15,2,1
13,1,1
22,1,1
23,2,1
14,1,1
15,1,1
13,1,1
15,1,1
7,1,1
14,1,1
17,1,1
8,1,1
12,1,1
13,1,1
9,1,1
5,1,1
20,1,1
16,1,1
16,1,1
12,1,1
24,1,1
20,1,1
15,1,1
18,1,1
17,1,1
14,1,1
19,1,1
17,1,1
16,1,1
6,1,1
15,1,1
8,1,1
16,1,1
26,2,1
10,1,1
14,1,1
5,1,1
11,1,1
12,1,1
4,1,1
14,2,1
5,1,1
10,1,1
2,1,1
3,1,1
13,1,1
2,1,1
2,1,1
7,1,1
9,1,1
12,1,1
10,1,1
6,1,1
10,1,1
51,2,1
11,1,1
13,1,1
22,2,1
20,1,1
5,1,1
17,1,1
4,1,1
19,1,1
30,1,1
10,1,1
20,2,1
16,3,1
20,5,1
26,2,1
10,2,1
14,1,1
17,1,1
19,2,1
10,1,1
9,2,1
6,1,1
10,1,1
5,1,1
9,1,1
11,2,1
6,1,1
20,1,1
13,1,1
19,1,1
42,1,1
6,1,1
4,1,1
12,1,1
2,1,1
11,1,1
10,2,1
12,1,1
8,1,1
8,1,1
12,1,1
6,1,1
6,1,1
15,1,1
11,1,1
9,1,1
11,1,1
25,2,1
14,1,1
22,1,1
6,1,1
33,1,1
29,1,1
16,1,1
18,1,1
17,1,1
13,1,1
15,1,1
15,1,1
13,1,1
13,1,1
11,1,1
9,1,1
2,1,1
10,1,1
15,1,1
12,1,1
17,1,1
19,1,1
10,1,1
5,1,1
19,1,1
14,1,1
13,1,1
13,1,1
11,1,1
5,1,1
17,1,1
6,1,1
16,1,1
15,1,1
13,1,1
17,1,1
13,1,1
6,1,1
6,1,1
29,1,1
13,1,1
16,1,1
17,1,1
7,1,1
23,1,1
2,1,1
2,1,1
2,1,1
2,1,1
2,1,1
9,1,1
11,1,1
4,1,1
2,1,1
8,1,1
2,1,1
4,1,1
3,1,1
5,1,1
2,1,1
2,1,1
2,1,1
2,1,1
2,1,1
2,1,1
2,1,1
10,1,1
3,1,1
2,1,1
2,1,1
2,1,1
2,1,1
2,1,1
4,1,1
2,1,1
2,1,1
12,1,1
2,1,1
2,1,1
2,1,1
2,1,1
2,1,1
7,1,1
55,1,1
17,1,1
10,1,1
8,1,1
9,1,1
7,1,1
9,1,1
27,1,1
15,1,1
10,1,1
6,1,1
7,1,1
5,1,1
7,1,1
27,2,1
4,1,1
2,1,1
8,1,1
11,1,1
14,2,1
5,1,1
9,1,1
8,1,1
11,1,1
7,1,1
9,1,1
16,2,1
9,2,1
11,1,1
13,1,1
8,1,1
12,1,1
10,1,1
13,1,1
12,1,1
11,1,1
6,1,1
24,1,1
7,1,1
18,2,1
10,1,1
14,1,1
11,1,1
22,2,1
23,1,1
16,1,1
13,1,1
27,1,1
13,1,1
17,1,1
22,2,1
6,2,1
5,2,1
7,1,1
19,1,1
17,1,1
12,1,1
24,2,1
11,1,1
11,1,1
28,1,1
27,1,1
5,1,1
10,1,1
8,1,1
14,1,1
7,1,1
13,1,1
15,1,1
6,1,1
13,1,1
19,1,1
16,1,1
13,1,1
8,1,1
5,1,1
7,1,1
12,1,1
8,1,1
21,1,1
23,1,1
9,1,1
11,2,1
20,1,1
5,1,1
10,1,1
16,1,1
13,1,1
13,1,1
7,1,1
11,1,1
11,2,1
7,1,1
3,1,1
4,1,1
5,1,1
9,1,1
10,1,1
18,1,1
4,2,1
16,1,1
7,2,1
3,1,1
9,2,1
14,1,1
6,1,1
9,1,1
11,1,1
7,2,1
15,1,1
22,1,1
12,1,1
13,1,1
15,1,1
11,1,1
9,1,1
11,1,1
5,1,1
19,1,1
9,1,1
11,1,1
8,1,1
6,1,1
7,1,1
18,1,1
11,1,1
26,1,1
13,1,1
9,1,1
10,1,1
11,1,1
4,1,1
34,2,1
4,1,1
8,1,1
6,1,1
11,1,1
13,1,1
7,1,1
13,1,1
10,1,1
22,2,1
28,1,1
28,1,1
21,1,1
18,1,1
27,1,1
8,1,1
16,1,1
13,1,1
10,2,1
13,1,1
18,1,1
10,1,1
4,1,1
6,1,1
8,1,1
10,1,1
5,1,1
9,1,1
17,1,1
18,1,1
11,1,1
9,1,1
20,1,1
23,1,1
3,1,1
23,1,1
10,1,1
7,1,1
11,1,1
18,1,1
8,1,1
3,1,1
7,1,1
3,1,1
4,1,1
2,1,1
4,1,1
4,1,1
14,1,1
51,1,1
9,1,1
8,1,1
9,1,1
27,1,1
13,1,1
13,1,1
23,1,1
7,1,1
6,1,1
7,1,1
10,2,1
8,1,1
5,1,1
4,1,1
43,1,1
18,1,1
8,1,1
14,1,1
9,1,1
20,1,1
24,1,1
41,1,1
26,1,1
15,1,1
15,1,1
7,1,1
14,1,1
13,1,1
5,1,1
11,1,1
6,1,1
20,1,1
4,1,1
12,1,1
19,1,1
5,1,1
15,1,1
11,1,1
4,1,1
2,1,1
15,1,1
12,2,1
15,1,1
9,3,1
7,1,1
1,1,1
2,1,1
10,2,1
5,1,1
7,1,1
15,1,1
10,1,1
16,1,1
10,1,1
11,1,1
7,1,1
12,1,1
7,1,1
25,1,1
13,1,1
4,1,1
3,1,1
27,1,1
26,2,1
11,2,1
18,1,1
10,1,1
13,1,1
13,1,1
8,1,1
33,1,1
12,1,1
7,1,1
8,1,1
2,1,1
7,1,1
9,1,1
17,1,1
9,1,1
17,1,1
4,1,1
15,1,1
5,2,1
5,1,1
5,1,1
9,1,1
18,1,1
27,1,1
7,1,1
5,1,1
18,1,1
6,1,1
3,1,1
8,1,1
5,1,1
13,1,1
12,1,1
37,1,1
25,1,1
9,1,1
10,1,1
11,1,1
18,1,1
17,1,1
28,1,1
23,1,1
20,1,1
12,1,1
11,1,1
13,1,1
16,1,1
23,1,1
18,1,1
31,1,1
40,2,1
10,1,1
20,2,1
22,1,1
38,1,1
18,1,1
4,1,1
13,1,1
15,1,1
15,1,1
8,1,1
22,1,1
22,1,1
2,1,1
3,1,1
4,1,1
8,2,1
4,1,1
5,1,1
20,1,1
2,1,1
22,1,1
17,1,1
3,1,1
2,1,1
8,2,1
45,1,1
25,1,1
20,1,1
11,1,1
23,2,1
10,1,1
9,1,1
7,1,1
18,2,1
19,2,1
39,2,1
5,2,1
16,1,1
5,1,1
3,2,1
14,1,1
18,2,1
21,1,1
17,1,1
14,1,1
19,1,1
5,1,1
47,2,1
29,1,1
15,1,1
6,2,1
16,1,1
19,1,1
23,1,1
6,1,1
10,1,1
15,1,1
6,1,1
13,1,1
15,1,1
22,1,1
13,2,1
2,1,1
24,2,1
12,1,1
32,1,1
9,1,1
20,1,1
41,1,1
11,1,1
31,1,1
46,1,1
11,1,1
12,1,1
12,1,1
9,1,1
19,1,1
19,1,1
11,2,1
30,1,1
19,2,1
6,1,1
19,1,1
8,1,1
6,1,1
13,2,1
21,1,1
4,1,1
9,1,1
5,1,1
7,1,1
12,1,1
5,1,1
7,1,1
11,1,1
25,1,1
19,2,1
9,2,1
29,2,1
4,1,1
11,1,1
9,1,1
15,1,1
11,2,1
12,1,1
8,1,1
31,2,1
10,1,1
4,1,1
6,2,1
17,1,1
14,1,1
31,2,1
20,1,1
5,1,1
7,1,1
3,1,1
10,1,1
29,1,1
10,1,1
22,1,1
7,1,1
8,1,1
18,1,1
10,1,1
12,1,1
19,1,1
18,1,1
21,1,1
5,1,1
32,1,1
9,1,1
11,1,1
18,2,1
8,1,1
17,3,1
12,1,1
10,1,1
21,1,1
7,1,1
19,1,1
18,1,1
21,1,1
11,1,1
14,1,1
14,1,1
7,1,1
7,1,1
4,1,1
6,1,1
29,1,1
11,1,1
6,1,1
25,1,1
17,2,1
12,1,1
10,1,1
6,1,1
10,1,1
8,1,1
11,1,1
5,1,1
10,1,1
7,1,1
16,1,1
13,1,1
20,1,1
6,1,1
7,1,1
7,2,1
2,1,1
7,2,1
4,1,1
12,1,1
6,1,1
5,1,1
3,1,1
3,1,1
2,1,1
15,1,1
26,1,1
20,1,1
17,3,1
13,1,1
19,1,1
19,1,1
20,1,1
15,1,1
4,1,1
10,1,1
6,1,1
8,1,1
8,1,1
11,1,1
15,1,1
19,1,1
13,1,1
10,1,1
8,1,1
13,1,1
9,1,1
13,1,1
9,1,1
8,1,1
8,1,1
23,1,1
6,2,1
18,1,1
7,1,1
7,1,1
25,1,1
15,1,1
9,1,1
4,1,1
18,1,1
14,1,1
7,1,1
7,1,1
14,1,1
11,1,1
7,1,1
4,1,1
6,1,1
4,1,1
8,1,1
14,1,1
22,1,1
11,2,1
20,2,1
33,1,1
26,1,1
36,1,1
20,1,1
7,1,1
19,1,1
11,1,1
13,1,1
14,1,1
15,1,1
16,1,1
5,1,1
22,1,1
16,1,1
27,1,1
19,1,1
24,1,1
12,1,1
12,1,1
11,1,1
16,1,1
16,1,1
50,1,1
20,1,1
41,1,1
11,1,1
15,1,1
15,1,1
13,1,1
12,1,1
11,1,1
21,1,1
15,2,1
18,1,1
12,1,1
10,1,1
6,1,1
2,1,0
2,1,0
6,1,0
5,1,0
2,1,0
7,1,0
7,1,0
6,1,0
7,2,0
5,1,0
2,1,0
4,1,0
9,2,0
3,1,0
3,1,0
2,1,0
2,1,0
3,1,0
2,1,0
7,1,0
3,1,0
5,1,0
2,1,0
6,1,0
5,2,0
3,2,0
6,2,0
6,2,0
2,1,0
6,2,0
10,2,0
5,2,0
3,2,0
5,2,0
4,2,0
3,1,0
2,1,0
4,2,0
2,1,0
3,1,0
6,1,0
8,2,0
4,1,0
9,3,0
4,2,0
2,1,0
6,1,0
5,2,0
4,2,0
9,2,0
5,2,0
7,2,0
3,2,0
4,1,0
2,1,0
6,2,0
4,1,0
2,1,0
3,2,0
6,1,0
6,1,0
5,1,0
17,1,0
2,1,0
6,1,0
13,1,0
6,1,0
4,1,0
2,1,0
4,1,0
3,1,0
13,1,0
4,1,0
2,1,0
14,1,0
16,1,0
32,1,0
2,1,0
2,1,0
2,1,0
8,1,0
8,1,0
3,1,0
8,1,0
4,1,0
2,1,0
2,1,0
3,1,0
6,1,0
4,1,0
3,1,0
5,1,0
1,1,0
1,1,0
2,1,0
13,1,0
4,1,0
5,1,0
1,1,0
5,1,0
1,1,0
1,1,0
4,1,0
1,1,0
5,1,0
3,1,0
1,1,0
5,1,0
2,1,0
8,1,0
2,1,0
3,1,0
5,1,0
6,1,0
4,1,0
3,1,0
3,1,0
6,1,0
9,1,0
4,1,0
3,1,0
3,1,0
2,1,0
3,1,0
8,1,0
5,1,0
1,1,0
14,1,0
7,1,0
5,1,0
3,1,0
4,1,0
4,1,0
3,1,0
3,1,0
1,1,0
5,1,0
8,1,0
2,1,0
6,1,0
1,1,0
1,1,0
1,1,0
3,1,0
4,1,0
3,1,0
3,1,0
3,1,0
3,1,0
1,1,0
2,1,0
1,1,0
4,1,0
4,1,0
3,1,0
3,1,0
4,1,0
3,1,0
3,1,0
3,1,0
1,1,0
3,1,0
3,1,0
2,1,0
4,1,0
1,1,0
2,1,0
2,1,0
1,1,0
2,1,0
8,1,0
7,1,0
5,1,0
3,1,0
1,1,0
5,1,0
4,1,0
1,1,0
3,1,0
4,1,0
10,1,0
3,1,0
4,1,0
4,1,0
2,1,0
6,1,0
14,1,0
3,1,0
1,1,0
1,1,0
3,1,0
4,1,0
3,1,0
3,1,0
8,1,0
1,1,0
13,1,0
3,1,0
17,1,0
5,1,0
3,1,0
1,1,0
3,1,0
9,1,0
1,1,0
4,1,0
7,1,0
9,2,0
3,1,0
2,1,0
2,1,0
4,1,0
5,1,0
3,1,0
2,1,0
2,1,0
2,1,0
4,1,0
2,1,0
2,1,0
5,1,0
2,1,0
8,1,0
2,1,0
2,1,0
2,1,0
5,1,0
1,1,0
2,1,0
3,1,0
2,1,0
2,1,0
3,1,0
3,1,0
2,1,0
3,1,0
3,1,0
2,1,0
3,1,0
3,1,0
3,1,0
10,1,0
2,1,0
5,1,0
2,1,0
2,1,0
2,1,0
5,1,0
1,1,0
2,1,0
2,1,0
1,1,0
3,1,0
2,1,0
5,1,0
10,1,0
24,1,0
45,1,0
13,1,0
39,1,0
17,2,0
4,1,0
3,1,0
29,1,0
28,1,0
10,1,0
5,1,0
2,1,0
3,1,0
8,1,0
9,1,0
31,1,0
19,1,0
5,1,0
16,1,0
5,1,0
9,1,0
2,1,0
18,1,0
15,1,0
10,1,0
4,1,0
7,1,0
2,1,0
35,1,0
4,1,0
10,1,0
10,1,0
11,1,0
11,1,0
4,1,0
28,1,0
4,1,0
5,1,0
5,1,0
3,1,0
2,1,0
2,1,0
6,1,0
3,1,0
8,1,0
1,1,0
9,1,0
5,1,0
6,1,0
4,2,0
8,1,0
5,2,0
4,1,0
1,1,0
2,1,0
6,1,0
4,1,0
3,1,0
2,1,0
4,1,0
6,1,0
4,1,0
2,1,0
7,1,0
4,1,0
7,1,0
2,1,0
1,1,0
6,1,0
5,1,0
3,1,0
4,1,0
4,1,0
3,1,0
2,1,0
4,1,0
3,1,0
6,1,0
5,1,0
2,1,0
3,1,0
8,1,0
3,1,0
5,1,0
13,1,0
1,1,0
4,1,0
2,1,0
1,1,0
6,1,0
2,1,0
1,1,0
6,1,0
2,1,0
4,1,0
4,1,0
5,1,0
1,1,0
2,1,0
3,1,0
1,1,0
11,1,0
1,1,0
1,1,0
3,1,0
1,1,0
7,1,0
7,1,0
1,1,0
4,1,0
3,1,0
5,1,0
3,1,0
3,1,0
1,1,0
2,1,0
5,1,0
8,2,0
6,1,0
3,1,0
10,1,0
4,1,0
4,1,0
1,1,0
1,1,0
8,1,0
3,1,0
1,1,0
1,1,0
1,1,0
2,1,0
5,1,0
3,1,0
3,1,0
2,1,0
2,1,0
6,1,0
1,1,0
5,1,0
5,1,0
7,1,0
3,1,0
1,1,0
1,1,0
2,1,0
1,1,0
3,1,0
2,1,0
2,1,0
7,1,0
13,1,0
4,1,0
3,1,0
3,1,0
3,1,0
4,1,0
1,1,0
2,1,0
5,1,0
2,1,0
1,1,0
2,1,0
12,1,0
1,1,0
1,1,0
1,1,0
1,1,0
5,1,0
3,1,0
2,1,0
5,1,0
6,1,0
1,1,0
1,1,0
1,1,0
8,1,0
4,1,0
1,1,0
9,1,0
5,1,0
1,1,0
3,1,0
1,1,0
1,1,0
1,1,0
5,1,0
4,1,0
2,1,0
4,1,0
1,1,0
5,1,0
1,1,0
3,1,0
1,1,0
1,1,0
3,1,0
9,1,0
19,1,0
1,1,0
5,1,0
10,1,0
3,1,0
8,1,0
6,1,0
2,1,0
2,1,0
2,1,0
2,1,0
4,1,0
2,1,0
1,1,0
2,1,0
1,1,0
4,2,0
2,1,0
4,1,0
2,1,0
5,2,0
4,2,0
5,2,0
3,1,0
3,2,0
2,1,0
2,1,0
10,2,0
5,1,0
4,1,0
2,1,0
2,1,0
2,1,0
1,1,0
4,2,0
5,2,0
2,1,0
7,2,0
4,2,0
2,1,0
4,2,0
3,1,0
3,1,0
6,2,0
2,1,0
5,1,0
2,1,0
3,1,0
8,2,0
2,1,0
2,1,0
3,1,0
2,1,0
2,1,0
2,1,0
3,2,0
1,1,0
6,2,0
1,1,0
2,1,0
2,1,0
1,1,0
2,1,0
4,1,0
2,1,0
4,2,0
1,1,0
4,2,0
2,1,0
2,1,0
3,1,0
2,1,0
1,1,0
6,2,0
3,1,0
4,1,0
1,1,0
2,1,0
1,1,0
3,1,0
2,1,0
1,1,0
1,1,0
5,1,0
3,1,0
1,1,0
6,1,0
3,1,0
1,1,0
4,1,0
1,1,0
5,1,0
15,1,0
3,1,0
6,1,0
5,1,0
8,1,0
5,1,0
5,1,0
6,1,0
6,1,0
1,1,0
3,1,0
4,1,0
6,1,0
3,1,0
4,1,0
1,1,0
3,1,0
3,1,0
3,1,0
3,1,0
9,1,0
7,1,0
6,1,0
3,1,0
1,1,0
2,1,0
2,1,0
1,1,0
2,1,0
2,1,0
3,1,0
2,1,0
2,1,0
7,1,0
2,1,0
2,1,0
2,1,0
2,1,0
2,1,0
4,1,0
4,1,0
8,2,0
4,1,0
2,1,0
2,1,0
2,1,0
12,1,0
2,1,0
2,1,0
2,1,0
2,1,0
2,1,0
2,1,0
2,1,0
4,1,0
6,1,0
5,1,0
5,1,0
6,1,0
10,1,0
6,1,0
1,1,0
8,1,0
2,1,0
2,1,0
2,1,0
2,1,0
4,1,0
5,1,0
1,1,0
7,1,0
3,1,0
3,1,0
23,1,0
3,1,0
21,1,0
9,1,0
5,1,0
4,1,0
20,1,0
9,1,0
3,1,0
9,1,0
9,2,0
4,1,0
9,1,0
9,2,0
4,1,0
3,1,0
16,1,0
7,1,0
9,1,0
2,1,0
2,1,0
1,1,0
8,1,0
5,1,0
9,1,0
4,1,0
9,1,0
4,1,0
6,1,0
4,1,0
6,1,0
4,1,0
4,1,0
4,1,0
4,1,0
4,1,0
4,1,0
5,1,0
7,1,0
2,1,0
3,1,0
4,1,0
3,1,0
2,1,0
2,1,0
4,1,0
3,1,0
6,2,0
17,1,0
3,1,0
2,1,0
4,1,0
2,1,0
8,1,0
5,1,0
3,1,0
3,1,0
2,1,0
5,1,0
2,1,0
2,1,0
3,1,0
2,1,0
2,1,0
2,1,0
2,1,0
6,1,0
4,1,0
2,1,0
2,1,0
3,1,0
4,1,0
2,1,0
2,1,0
3,1,0
3,1,0
3,1,0
3,1,0
3,1,0
2,1,0
5,2,0
9,1,0
2,1,0
3,1,0
2,1,0
2,1,0
6,1,0
3,1,0
4,1,0
12,2,0
5,1,0
27,1,0
6,1,0
14,1,0
5,1,0
7,1,0
6,1,0
9,1,0
8,1,0
22,1,0
4,2,0
10,1,0
8,1,0
10,1,0
2,1,0
4,2,0
14,2,0
4,1,0
2,1,0
13,1,0
4,1,0
4,1,0
20,1,0
8,1,0
5,1,0
11,1,0
2,1,0
17,1,0
2,1,0
10,1,0
3,1,0
6,1,0
2,1,0
8,2,0
9,2,0
6,1,0
11,1,0
4,1,0
5,1,0
5,1,0
2,1,0
14,1,0
4,1,0
6,1,0
4,1,0
3,1,0
12,1,0
6,1,0
9,1,0
3,1,0
6,1,0
7,1,0
8,1,0
10,1,0
6,1,0
23,1,0
2,1,0
2,1,0
3,1,0
2,1,0
2,1,0
4,1,0
5,1,0
4,1,0
2,1,0
3,1,0
3,1,0
2,1,0
2,1,0
4,1,0
7,1,0
2,1,0
3,1,0
6,1,0
6,1,0
4,1,0
2,1,0
2,1,0
2,1,0
7,2,0
4,2,0
13,2,0
4,1,0
2,1,0
4,1,0
5,1,0
3,1,0
2,1,0
6,1,0
3,1,0
2,1,0
4,1,0
5,1,0
5,1,0
4,1,0
5,1,0
4,1,0
3,1,0
5,1,0
2,1,0
2,1,0
5,1,0
5,2,0
2,1,0
2,1,0
2,1,0
10,1,0
4,1,0
2,1,0
7,1,0
2,1,0
2,1,0
7,1,0
6,1,0
2,1,0
5,1,0
4,1,0
6,1,0
3,1,0
8,2,0
2,1,0
2,1,0
7,1,0
4,1,0
2,1,0
3,1,0
3,1,0
3,1,0
4,1,0
5,1,0
2,1,0
3,1,0
6,1,0
2,1,0
2,1,0
3,1,0
1,1,0
3,1,0
3,1,0
4,1,0
2,1,0
2,1,0
2,1,0
3,1,0
1,1,0
3,1,0
5,1,0
3,1,0
6,1,0
2,1,0
4,1,0
3,1,0
4,1,0
2,1,0
2,1,0
2,1,0
3,1,0
2,1,0
2,1,0
3,1,0
2,1,0
6,1,0
14,1,0
2,1,0
3,1,0
1,1,0
2,1,0
2,1,0
2,1,0
1,1,0
1,1,0
4,1,0
6,1,0
5,1,0
4,1,0
3,1,0
3,1,0
7,2,0
1,1,0
2,1,0
3,1,0
2,1,0
7,1,0
1,1,0
2,1,0
4,1,0
5,1,0
3,1,0
3,1,0
2,1,0
1,1,0
3,1,0
3,1,0
2,1,0
4,1,0
3,1,0
3,1,0
3,1,0
4,1,0
10,1,0
4,1,0
3,1,0
4,1,0
2,1,0
3,1,0
2,1,0
4,1,0
4,1,0
6,1,0
3,1,0
8,1,0
4,1,0
3,1,0
5,1,0
9,1,0
11,1,0
9,1,0
28,1,0
5,1,0
6,1,0
6,1,0
11,1,0
9,1,0
5,1,0
3,1,0
21,1,0
6,1,0
6,1,0
11,1,0
7,1,0
2,1,0
12,1,0
5,1,0
11,1,0
2,1,0
5,1,0
2,1,0
3,1,0
1,1,0
4,1,0
5,1,0
3,1,0
3,1,0
8,1,0
5,1,0
4,1,0
5,1,0
2,1,0
7,1,0
2,1,0
4,1,0
11,1,0
2,1,0
6,1,0
3,1,0
2,1,0
4,1,0
6,1,0
3,1,0
2,1,0
8,1,0
6,1,0
7,1,0
5,1,0
2,1,0
4,1,0
7,1,0
4,1,0
6,1,0
3,1,0
4,1,0
5,1,0
2,1,0
1,1,0
3,1,0
2,1,0
4,1,0
5,1,0
5,1,0
10,1,0
2,1,0
7,1,0
7,1,0
2,1,0
11,1,0
7,1,0
5,1,0
2,1,0
1,1,0
4,1,0
5,1,0
7,1,0
16,1,0
5,1,0
14,1,0
2,1,0
4,1,0
2,1,0
6,2,0
2,1,0
6,1,0
2,1,0
8,1,0
4,1,0
3,1,0
2,1,0
1,1,0
1,1,0
2,1,0
1,1,0
10,1,0
3,1,0
6,1,0
7,1,0
5,1,0
5,1,0
1,1,0
6,1,0
1,1,0
7,1,0
3,1,0
3,1,0
7,1,0
3,1,0
3,1,0
4,1,0
3,1,0
15,1,0
9,1,0
3,1,0
4,1,0
10,1,0
3,1,0
9,1,0
1,1,0
5,1,0
3,1,0
1,1,0
1,1,0
5,1,0
2,1,0
3,1,0
3,1,0
1,1,0
3,1,0
3,1,0
1,1,0
1,1,0
12,1,0
15,1,0
6,1,0
11,1,0
4,1,0
6,1,0
3,1,0
10,1,0
3,1,0
3,1,0
13,1,0
5,1,0
7,1,0
4,1,0
9,1,0
4,1,0
5,1,0
2,1,0
6,1,0
3,1,0
3,1,0
5,1,0
8,1,0
2,1,0
4,1,0
3,1,0
3,1,0
3,1,0
2,1,0
12,2,0
1,1,0
3,1,0
3,1,0
1,1,0
2,1,0
1,1,0
4,1,0
2,1,0
3,1,0
6,1,0
3,1,0
4,1,0
3,1,0
5,1,0
2,1,0
3,1,0
1,1,0
1,1,0
1,1,0
1,1,0
1,1,0
6,2,0
1,1,0
5,1,0
1,1,0
3,1,0
3,1,0
5,1,0
1,1,0
2,1,0
3,1,0
3,1,0
4,1,0
3,2,0
2,1,0
2,1,0
5,1,0
1,1,0
2,1,0
5,2,0
3,2,0
10,1,0
8,1,0
2,1,0
5,1,0
4,1,0
1,1,0
1,1,0
4,1,0
3,1,0
3,1,0
2,1,0
4,1,0
2,1,0
9,1,0
6,1,0
3,2,0
8,1,0
3,1,0
1,1,0
9,1,0
1,1,0
3,2,0
9,1,0
3,1,0
1,1,0
5,1,0
8,1,0
5,1,0
2,1,0
1,2,0
1,1,0
2,1,0
1,1,0
1,1,0
1,1,0
7,1,0
3,1,0
1,1,0
10,1,0
3,1,0
2,1,0
3,1,0
7,1,0
5,1,0
4,1,0
6,1,0
3,1,0
1,1,0
7,1,0
6,1,0
1,1,0
7,1,0
2,1,0
1,1,0
2,1,0
5,1,0
6,1,0
1,1,0
5,1,0
9,1,0
3,1,0
9,2,0
3,1,0
4,1,0
5,1,0
8,3,0
10,1,0
1,1,0
8,1,0
1,1,0
1,1,0
9,1,0
8,1,0
5,1,0
5,1,0
8,1,0
7,1,0
1,1,0
6,1,0
5,1,0
6,1,0
6,1,0
7,1,0
1,1,0
5,1,0
1,1,0
2,1,0
9,1,0
6,1,0
2,1,0
1,1,0
4,1,0
6,1,0
3,1,0
3,1,0
1,1,0
5,1,0
7,1,0
5,1,0
2,1,0
4,1,0
1,1,0
2,1,0
2,1,0
4,1,0
2,1,0
2,1,0
2,1,0
3,1,0
1,1,0
3,1,0
3,1,0
3,1,0
2,1,0
9,1,0
3,1,0
2,1,0
3,1,0
3,1,0
3,1,0
10,1,0
3,2,0
2,1,0
5,1,0
3,1,0
4,1,0
7,1,0
4,1,0
10,1,0
5,1,0
2,1,0
4,1,0
2,1,0
2,1,0
5,1,0
3,1,0
3,1,0
4,1,0
4,1,0
2,1,0
4,1,0
5,1,0
1,1,0
1,1,0
6,1,0
9,1,0
4,1,0
4,1,0
3,1,0
3,1,0
5,1,0
3,1,0
4,1,0
1,1,0
2,1,0
5,1,0
2,1,0
3,1,0
6,1,0
3,1,0
1,1,0
3,1,0
3,1,0
2,1,0
3,1,0
6,1,0
1,1,0
1,1,0
1,1,0
2,1,0
2,1,0
3,1,0
5,1,0
3,1,0
3,1,0
4,1,0
4,1,0
3,1,0
10,1,0
5,1,0
2,1,0
1,1,0
3,1,0
3,1,0
4,1,0
2,1,0
3,1,0
5,1,0
1,1,0
9,1,0
2,1,0
2,1,0
2,1,0
2,1,0
1,1,0
13,1,0
10,2,0
1,1,0
4,1,0
5,1,0
2,1,0
3,1,0
3,1,0
7,1,0
2,1,0
3,1,0
2,1,0
5,1,0
1,1,0
1,1,0
3,1,0
2,1,0
4,1,0
1,1,0
2,1,0
7,2,0
3,1,0
1,1,0
5,1,0
3,1,0
2,1,0
1,1,0
1,1,0
2,1,0
2,1,0
1,1,0
2,1,0
3,1,0
1,1,0
1,1,0
3,1,0
2,1,0
8,1,0
8,1,0
2,1,0
1,1,0
4,1,0
1,1,0
1,1,0
1,1,0
4,1,0
1,1,0
2,1,0
2,1,0
1,1,0
3,1,0
1,1,0
1,1,0
7,1,0
2,1,0
5,1,0
3,1,0
4,1,0
1,1,0
2,1,0
1,1,0
1,1,0
1,1,0
1,1,0
2,1,0
1,1,0
2,1,0
1,1,0
1,1,0
5,1,0
1,1,0
1,1,0
5,1,0
7,2,0
2,1,0
3,1,0
2,1,0
1,1,0
2,1,0
3,1,0
3,1,0
2,1,0
1,1,0
4,1,0
1,1,0
3,1,0
1,1,0
3,1,0
9,1,0
5,1,0
1,1,0
8,1,0
1,1,0
1,1,0
3,1,0
1,1,0
1,1,0
3,1,0
3,1,0
7,1,0
3,1,0
1,1,0
1,1,0
3,1,0
3,1,0
2,1,0
3,1,0
1,1,0
1,1,0
3,1,0
1,1,0
5,1,0
4,1,0
2,1,0
1,1,0
1,1,0
1,1,0
3,1,0
12,1,0
6,1,0
1,1,0
6,1,0
1,1,0
1,1,0
4,1,0
3,1,0
4,1,0
3,1,0
9,1,0
2,1,0
7,2,0
1,1,0
4,1,0
3,1,0
4,1,0
1,1,0
1,1,0
1,1,0
1,1,0
8,1,0
3,1,0
3,1,0
3,1,0
5,1,0
4,1,0
3,1,0
1,1,0
1,1,0
5,1,0
3,1,0
1,1,0
6,1,0
4,1,0
3,1,0
1,1,0
1,1,0
4,1,0
3,1,0
3,1,0
1,1,0
1,1,0
4,1,0
4,1,0
3,1,0
9,1,0
6,1,0
4,1,0
6,1,0
3,1,0
14,1,0
3,1,0
8,1,0
3,1,0
7,1,0
1,1,0
3,1,0
1,1,0
3,1,0
10,1,0
7,1,0
3,1,0
1,1,0
2,1,0
4,1,0
2,1,0
3,1,0
7,1,0
1,1,0
1,1,0
2,1,0
5,1,0
8,2,0
3,1,0
5,1,0
10,1,0
1,1,0
6,1,0
6,1,0
1,1,0
5,1,0
4,1,0
3,1,0
6,1,0
3,1,0
1,1,0
7,1,0
2,1,0
16,1,0
4,1,0
2,1,0
1,1,0
4,1,0
1,1,0
1,1,0
5,1,0
1,1,0
3,1,0
2,1,0
1,1,0
7,1,0
4,1,0
1,1,0
5,1,0
11,1,0
5,1,0
3,1,0
2,1,0
1,1,0
3,1,0
4,1,0
1,1,0
1,1,0
3,1,0
4,1,0
3,1,0
2,1,0
12,1,0
3,1,0
5,1,0
3,1,0
6,1,0
7,1,0
6,1,0
11,1,0
3,1,0
5,1,0
12,1,0
5,1,0
5,1,0
6,1,0
2,1,0
5,1,0
5,1,0
4,1,0
1,1,0
2,1,0
2,1,0
2,1,0
3,1,0
3,1,0
3,1,0
3,1,0
3,1,0
4,1,0
6,1,0
1,1,0
2,1,0
2,1,0
2,1,0
2,1,0
4,1,0
3,1,0
6,1,0
2,1,0
2,1,0
2,1,0
4,1,0
2,1,0
2,1,0
4,1,0
6,1,0
3,1,0
4,1,0
2,1,0
1,1,0
4,1,0
6,2,0
2,1,0
9,1,0
3,1,0
1,1,0
10,1,0
4,1,0
13,1,0
4,1,0
3,1,0
2,1,0
4,1,0
3,1,0
12,1,0
8,1,0
2,1,0
1,1,0
6,1,0
1,1,0
4,1,0
3,1,0
3,1,0
7,1,0
6,1,0
12,1,0
6,1,0
6,1,0
4,1,0
5,1,0
5,1,0
11,1,0
10,1,0
3,1,0
12,1,0
5,1,0
6,1,0
3,1,0
12,1,0
17,2,0
5,1,0
2,1,0
6,1,0
4,1,0
2,2,0
2,1,0
2,1,0
5,1,0
2,1,0
2,1,0
2,1,0
22,2,0
2,1,0
2,1,0
3,1,0
4,1,0
2,1,0
2,1,0
2,1,0
1,1,0
3,1,0
4,1,0
2,1,0
3,1,0
2,1,0
2,1,0
2,1,0
4,1,0
2,1,0
5,1,0
4,1,0
2,1,0
2,1,0
13,1,0
10,1,0
9,1,0
1,1,0
10,1,0
6,1,0
14,1,0
11,1,0
11,1,0
5,1,0
2,1,0
4,1,0
2,1,0
6,1,0
2,1,0
3,1,0
4,1,0
2,1,0
3,1,0
4,1,0
4,1,0
5,1,0
4,1,0
6,1,0
11,1,0
2,1,0
2,1,0
2,1,0
2,1,0
2,1,0
2,1,0
2,1,0
4,1,0
2,1,0
2,1,0
2,1,0
4,2,0
2,1,0
2,1,0
2,1,0
2,1,0
2,1,0
2,1,0
2,1,0
2,1,0
2,1,0
2,1,0
2,1,0
2,1,0
1,1,0
2,1,0
1,1,0
2,1,0
2,1,0
2,1,0
2,1,0
2,1,0
1,1,0
2,1,0
3,1,0
3,1,0
1,1,0
2,1,0
4,1,0
2,1,0
2,1,0
2,1,0
2,1,0
2,1,0
2,1,0
3,1,0
2,1,0
2,1,0
5,1,0
2,1,0
2,1,0
2,1,0
2,1,0
11,1,0
2,1,0
2,1,0
2,1,0
2,1,0
2,1,0
3,1,0
2,1,0
2,1,0
2,1,0
2,1,0
2,1,0
2,1,0
2,1,0
3,1,0
2,1,0
2,1,0
1,1,0
2,1,0
2,1,0
2,1,0
2,1,0
2,1,0
2,1,0
2,1,0
2,1,0
2,1,0
2,1,0
2,1,0
2,1,0
2,1,0
2,1,0
2,1,0
2,1,0
3,1,0
2,1,0
2,1,0
2,1,0
2,1,0
2,1,0
2,1,0
2,1,0
2,1,0
2,1,0
4,1,0
2,1,0
2,1,0
2,1,0
2,1,0
2,1,0
2,1,0
2,1,0
2,1,0
2,1,0
2,1,0
2,1,0
2,1,0
2,1,0
2,1,0
2,1,0
2,1,0
2,1,0
4,1,0
1,1,0
2,1,0
2,1,0
2,1,0
2,1,0
2,1,0
4,1,0
2,1,0
2,1,0
3,1,0
2,1,0
4,1,0
2,1,0
2,1,0
2,1,0
2,1,0
2,1,0
3,1,0
2,1,0
2,1,0
2,1,0
4,1,0
2,1,0
2,1,0
2,1,0
2,1,0
2,1,0
4,1,0
2,1,0
2,1,0
2,1,0
2,1,0
2,1,0
2,1,0
3,1,0
2,1,0
2,1,0
2,1,0
3,1,0
2,1,0
2,1,0
2,1,0
2,1,0
2,1,0
2,1,0
2,1,0
2,1,0
2,1,0
2,1,0
2,1,0
2,1,0
2,1,0
2,1,0
2,1,0
2,1,0
2,1,0
2,1,0
2,1,0
2,1,0
7,1,0
2,1,0
1,1,0
5,1,0
2,1,0
2,1,0
2,1,0
2,1,0
2,1,0
2,1,0
2,1,0
2,1,0
2,1,0
5,1,0
5,1,0
2,1,0
2,1,0
2,1,0
2,1,0
2,1,0
2,1,0
2,1,0
2,1,0
2,1,0
2,1,0
2,1,0
1,1,0
2,1,0
3,1,0
2,1,0
2,1,0
2,1,0
2,1,0
2,1,0
5,1,0
2,1,0
2,1,0
2,1,0
2,1,0
2,1,0
2,1,0
2,1,0
2,1,0
2,1,0
2,1,0
2,1,0
4,1,0
2,1,0
2,1,0
2,1,0
2,1,0
2,1,0
2,1,0
2,1,0
2,1,0
2,1,0
2,1,0
2,1,0
2,1,0
2,1,0
2,1,0
2,1,0
2,1,0
2,1,0
2,1,0
2,1,0
2,1,0
2,1,0
2,1,0
2,1,0
1,1,0
2,1,0
2,1,0
2,1,0
3,1,0
2,1,0
1,1,0
5,1,0
2,1,0
2,1,0
3,1,0
8,1,0
4,1,0
2,1,0
2,1,0
4,1,0
2,1,0
3,1,0
1,1,0
7,1,0
3,1,0
3,1,0
3,1,0
3,1,0
1,1,0
4,1,0
11,1,0
1,1,0
3,1,0
4,1,0
7,1,0
4,1,0
1,1,0
7,1,0
3,1,0
5,1,0
4,1,0
6,1,0
3,1,0
2,1,0
4,1,0
1,1,0
1,1,0
5,1,0
15,1,0
3,1,0
1,1,0
5,2,0
4,1,0
3,1,0
10,1,0
4,2,0
3,1,0
4,1,0
3,1,0
10,1,0
1,1,0
10,1,0
9,1,0
5,1,0
5,2,0
1,1,0
4,2,0
6,1,0
6,1,0
7,1,0
8,1,0
2,1,0
1,1,0
3,1,0
2,1,0
1,1,0
6,1,0
7,1,0
7,1,0
4,1,0
1,1,0
7,1,0
1,1,0
3,1,0
3,1,0
2,1,0
2,1,0
3,1,0
6,1,0
2,1,0
5,1,0
3,1,0
4,1,0
5,1,0
3,1,0
5,1,0
5,1,0
1,1,0
3,1,0
6,1,0
6,1,0
3,1,0
4,1,0
3,1,0
6,1,0
8,1,0
1,1,0
8,1,0
9,1,0
2,1,0
3,1,0
5,1,0
3,1,0
4,1,0
2,1,0
5,1,0
5,1,0
3,1,0
3,1,0
4,1,0
1,1,0
2,1,0
6,1,0
3,1,0
5,1,0
3,1,0
3,1,0
2,1,0
5,1,0
1,1,0
5,1,0
2,1,0
5,1,0
2,1,0
2,1,0
4,1,0
5,1,0
1,1,0
2,1,0
2,1,0
4,2,0
2,1,0
2,1,0
5,1,0
2,1,0
8,1,0
4,1,0
1,1,0
2,1,0
2,1,0
2,1,0
3,1,0
3,1,0
4,1,0
1,1,0
1,1,0
3,1,0
4,1,0
6,1,0
3,1,0
3,1,0
14,1,0
8,1,0
4,1,0
2,1,0
3,1,0
5,1,0
1,1,0
2,1,0
2,1,0
4,1,0
6,1,0
6,1,0
2,1,0
2,1,0
5,1,0
2,1,0
4,1,0
5,1,0
3,1,0
2,1,0
3,1,0
2,1,0
2,1,0
3,1,0
3,1,0
2,1,0
3,1,0
7,1,0
5,1,0
2,1,0
4,1,0
5,1,0
2,1,0
6,1,0
8,1,0
5,1,0
6,1,0
2,1,0
1,1,0
2,1,0
3,1,0
1,1,0
2,1,0
4,1,0
2,1,0
6,1,0
2,1,0
5,1,0
2,1,0
2,1,0
9,1,0
2,1,0
1,1,0
4,1,0
1,1,0
2,1,0
4,1,0
5,1,0
4,1,0
2,1,0
1,1,0
3,2,0
4,1,0
2,1,0
4,1,0
2,1,0
3,1,0
2,1,0
2,1,0
2,1,0
2,1,0
2,1,0
2,1,0
2,1,0
2,1,0
2,1,0
2,1,0
4,1,0
4,1,0
2,1,0
3,1,0
3,1,0
2,1,0
2,1,0
2,1,0
2,1,0
5,2,0
2,1,0
2,1,0
1,1,0
2,1,0
2,1,0
4,1,0
2,1,0
2,1,0
4,1,0
2,1,0
2,1,0
2,1,0
3,1,0
3,1,0
2,1,0
2,1,0
1,1,0
6,1,0
2,1,0
1,1,0
3,1,0
2,1,0
3,1,0
2,1,0
2,1,0
2,1,0
4,1,0
2,1,0
2,1,0
4,1,0
3,1,0
2,1,0
2,1,0
2,1,0
2,1,0
2,1,0
2,1,0
2,1,0
4,1,0
3,1,0
4,1,0
2,1,0
2,1,0
5,1,0
2,1,0
3,1,0
4,1,0
1,1,0
2,1,0
8,1,0
4,2,0
2,1,0
2,1,0
3,1,0
3,1,0
2,1,0
4,2,0
2,1,0
6,1,0
4,1,0
1,1,0
3,1,0
4,1,0
2,1,0
2,1,0
2,1,0
4,1,0
2,1,0
2,1,0
5,1,0
2,1,0
2,1,0
2,1,0
3,1,0
2,1,0
4,1,0
2,1,0
2,1,0
3,1,0
1,1,0
2,1,0
3,1,0
2,1,0
2,1,0
2,1,0
2,1,0
2,1,0
2,1,0
4,1,0
2,1,0
4,1,0
5,2,0
2,1,0
2,1,0
2,1,0
2,1,0
2,1,0
4,1,0
2,1,0
6,1,0
4,1,0
5,1,0
2,1,0
4,1,0
4,1,0
2,1,0
4,1,0
5,1,0
4,1,0
2,1,0
2,1,0
2,1,0
6,2,0
2,1,0
2,1,0
2,1,0
4,2,0
2,1,0
3,1,0
3,1,0
3,1,0
2,1,0
2,1,0
1,1,0
4,1,0
2,1,0
2,1,0
1,1,0
2,1,0
4,2,0
2,1,0
3,1,0
2,1,0
3,1,0
2,1,0
2,1,0
2,1,0
3,1,0
2,1,0
2,1,0
2,1,0
2,1,0
8,1,0
2,1,0
2,1,0
2,1,0
2,1,0
6,1,0
2,1,0
6,1,0
2,1,0
2,1,0
2,1,0
2,1,0
11,1,0
4,1,0
8,1,0
4,1,0
2,1,0
5,1,0
4,1,0
2,1,0
2,1,0
6,1,0
2,1,0
2,1,0
2,1,0
5,1,0
2,1,0
8,1,0
2,1,0
3,1,0
2,1,0
1,1,0
2,1,0
2,1,0
2,1,0
2,1,0
2,1,0
2,1,0
2,1,0
2,1,0
2,1,0
3,1,0
2,1,0
2,1,0
2,1,0
2,1,0
2,1,0
2,1,0
2,1,0
2,1,0
4,1,0
1,1,0
1,1,0
2,1,0
2,1,0
2,1,0
4,1,0
3,1,0
9,2,0
5,1,0
2,1,0
2,1,0
1,1,0
2,1,0
4,2,0
2,1,0
8,1,0
2,1,0
2,1,0
4,1,0
2,1,0
1,1,0
3,1,0
3,1,0
2,1,0
3,1,0
4,1,0
2,1,0
7,1,0
2,1,0
2,1,0
2,1,0
9,1,0
2,1,0
3,1,0
2,1,0
2,1,0
25,1,0
2,1,0
2,1,0
2,1,0
2,1,0
2,1,0
4,1,0
2,1,0
6,1,0
3,1,0
3,1,0
2,1,0
2,1,0
3,1,0
2,1,0
6,1,0
4,1,0
10,1,0
4,1,0
1,1,0
5,1,0
4,1,0
2,1,0
1,1,0
5,1,0
4,1,0
4,1,0
4,1,0
3,1,0
3,1,0
7,1,0
4,1,0
9,1,0
5,1,0
3,1,0
3,1,0
3,1,0
2,1,0
2,1,0
3,1,0
4,1,0
3,1,0
3,1,0
3,1,0
14,1,0
6,1,0
5,1,0
2,1,0
2,1,0
3,1,0
3,1,0
17,1,0
3,1,0
2,1,0
5,1,0
1,1,0
3,1,0
2,1,0
2,1,0
5,1,0
4,1,0
7,1,0
8,1,0
2,1,0
4,1,0
4,1,0
7,1,0
10,1,0
2,1,0
5,1,0
2,1,0
2,1,0
6,1,0
6,1,0
5,1,0
11,1,0
4,1,0
3,1,0
2,1,0
10,1,0
5,1,0
13,1,0
9,2,0
20,1,0
8,1,0
6,1,0
15,1,0
2,1,0
5,1,0
2,1,0
7,1,0
4,1,0
6,1,0
3,1,0
1,1,0
3,1,0
3,1,0
2,1,0
2,1,0
2,1,0
2,1,0
1,1,0
2,1,0
1,1,0
14,1,0
4,1,0
3,1,0
5,1,0
8,1,0
6,1,0
7,1,0
4,2,0
7,1,0
3,1,0
1,1,0
1,1,0
3,1,0
3,1,0
29,1,0
8,1,0
4,1,0
2,1,0
12,1,0
6,1,0
3,2,0
2,1,0
6,1,0
6,1,0
3,1,0
13,1,0
3,1,0
5,1,0
1,1,0
3,1,0
2,1,0
2,1,0
3,1,0
2,1,0
10,1,0
8,1,0
9,1,0
7,1,0
3,1,0
11,1,0
3,1,0
7,1,0
3,1,0
3,1,0
3,1,0
3,1,0
3,1,0
6,1,0
3,1,0
4,1,0
1,1,0
4,1,0
9,1,0
5,1,0
7,1,0
4,1,0
13,1,0
2,1,0
2,1,0
3,1,0
9,1,0
17,1,0
9,1,0
26,1,0
9,1,0
8,1,0
3,1,0
1,1,0
2,1,0
3,1,0
3,1,0
2,1,0
2,1,0
2,1,0
5,1,0
20,1,0
4,1,0
7,1,0
2,1,0
5,1,0
5,1,0
6,1,0
2,1,0
2,1,0
2,1,0
2,1,0
3,1,0
2,2,0
4,1,0
6,1,0
2,1,0
4,1,0
6,1,0
5,1,0
3,1,0
5,1,0
3,1,0
2,1,0
4,1,0
6,1,0
2,1,0
11,2,0
2,1,0
8,1,0
3,1,0
2,1,0
3,1,0
2,1,0
2,1,0
10,1,0
6,1,0
2,1,0
5,1,0
2,1,0
11,1,0
10,1,0
4,1,0
11,1,0
2,1,0
3,2,0
2,1,0
9,1,0
2,1,0
4,1,0
2,1,0
2,1,0
7,1,0
6,1,0
2,1,0
2,1,0
8,1,0
2,1,0
4,1,0
3,1,0
5,1,0
5,1,0
2,1,0
6,1,0
3,1,0
3,1,0
6,1,0
2,1,0
3,1,0
2,1,0
3,1,0
10,1,0
4,1,0
4,1,0
4,1,0
2,1,0
8,1,0
2,1,0
2,1,0
7,1,0
2,1,0
4,1,0
4,1,0
3,1,0
2,1,0
2,1,0
2,1,0
2,1,0
2,1,0
2,1,0
2,1,0
2,1,0
2,1,0
2,1,0
2,1,0
2,1,0
2,1,0
4,1,0
2,1,0
2,1,0
2,1,0
3,1,0
2,1,0
4,1,0
2,1,0
4,1,0
2,1,0
2,1,0
2,1,0
3,1,0
2,1,0
2,1,0
2,1,0
4,1,0
3,1,0
2,1,0
1,1,0
2,1,0
2,1,0
3,1,0
3,1,0
2,1,0
2,1,0
6,1,0
2,1,0
3,1,0
5,1,0
2,1,0
2,1,0
2,1,0
2,1,0
2,1,0
4,1,0
2,1,0
3,1,0
2,1,0
2,1,0
2,1,0
2,1,0
2,1,0
2,1,0
2,1,0
2,1,0
2,1,0
2,1,0
2,1,0
7,1,0
2,1,0
2,1,0
2,1,0
2,1,0
2,1,0
3,1,0
2,1,0
2,1,0
3,1,0
2,1,0
2,1,0
3,1,0
10,1,0
2,1,0
4,1,0
2,1,0
4,1,0
3,1,0
2,1,0
4,1,0
4,1,0
7,1,0
5,1,0
2,1,0
2,1,0
7,1,0
3,1,0
2,1,0
2,1,0
4,1,0
2,1,0
2,1,0
3,1,0
4,1,0
7,2,0
13,1,0
5,2,0
3,1,0
3,1,0
9,1,0
4,2,0
8,1,0
5,1,0
12,1,0
2,1,0
14,1,0
7,1,0
2,1,0
4,2,0
4,1,0
8,3,0
6,1,0
4,1,0
9,2,0
11,2,0
10,1,0
4,2,0
5,1,0
6,2,0
8,1,0
6,1,0
4,2,0
5,1,0
9,2,0
6,1,0
30,1,0
9,1,0
7,1,0
5,2,0
5,1,0
2,1,0
4,1,0
22,1,0
6,1,0
4,1,0
4,1,0
5,1,0
17,1,0
8,1,0
2,1,0
5,1,0
1,1,0
9,3,0
3,1,0
12,2,0
5,1,0
8,1,0
4,2,0
2,1,0
3,1,0
4,1,0
2,1,0
3,1,0
5,1,0
5,1,0
1,1,0
1,1,0
4,1,0
6,1,0
2,1,0
5,1,0
2,1,0
3,1,0
3,1,0
2,1,0
2,1,0
2,1,0
2,1,0
2,1,0
3,1,0
2,1,0
6,1,0
11,1,0
2,1,0
3,1,0
1,1,0
3,1,0
1,1,0
1,1,0
2,1,0
1,1,0
2,1,0
2,1,0
2,1,0
5,1,0
2,1,0
2,1,0
3,1,0
3,1,0
2,1,0
2,1,0
5,1,0
4,2,0
2,1,0
1,1,0
6,1,0
2,1,0
1,1,0
2,1,0
2,1,0
2,1,0
2,1,0
2,1,0
2,1,0
2,1,0
2,1,0
2,1,0
1,1,0
1,1,0
2,1,0
2,1,0
1,1,0
1,1,0
2,1,0
2,1,0
2,1,0
2,1,0
2,1,0
2,1,0
3,1,0
1,1,0
2,1,0
2,1,0
1,1,0
2,1,0
2,1,0
2,1,0
2,1,0
2,1,0
2,1,0
2,1,0
2,1,0
2,1,0
2,1,0
2,1,0
1,1,0
3,1,0
2,1,0
2,1,0
2,1,0
2,1,0
1,1,0
2,1,0
2,1,0
2,1,0
2,1,0
2,1,0
3,1,0
4,1,0
2,1,0
2,1,0
2,1,0
2,1,0
2,1,0
2,1,0
2,1,0
2,1,0
6,1,0
8,1,0
2,1,0
2,1,0
2,1,0
2,1,0
2,1,0
2,1,0
5,1,0
12,1,0
15,1,0
7,1,0
2,1,0
3,1,0
4,1,0
7,1,0
33,1,0
6,1,0
4,1,0
1,1,0
3,1,0
1,1,0
3,1,0
8,1,0
4,1,0
5,1,0
1,1,0
1,1,0
2,1,0
1,1,0
4,1,0
3,1,0
4,1,0
4,1,0
1,1,0
1,1,0
2,1,0
3,1,0
3,1,0
2,1,0
3,1,0
3,1,0
3,1,0
4,1,0
2,1,0
1,1,0
1,1,0
4,1,0
3,1,0
4,1,0
3,1,0
4,1,0
2,1,0
3,1,0
9,1,0
3,1,0
4,1,0
3,1,0
4,1,0
4,1,0
1,1,0
3,1,0
4,1,0
7,1,0
3,1,0
4,1,0
1,1,0
1,1,0
4,1,0
5,1,0
10,1,0
2,1,0
3,1,0
4,1,0
2,1,0
1,1,0
3,1,0
2,1,0
2,1,0
2,1,0
2,1,0
3,1,0
3,1,0
3,1,0
1,1,0
2,1,0
2,1,0
2,1,0
2,1,0
2,1,0
2,1,0
2,1,0
2,1,0
4,1,0
6,1,0
4,1,0
2,1,0
2,1,0
2,1,0
2,1,0
7,1,0
2,1,0
2,1,0
11,1,0
2,1,0
2,1,0
2,1,0
4,1,0
2,1,0
2,1,0
2,1,0
2,1,0
2,1,0
2,1,0
2,1,0
9,1,0
2,1,0
2,1,0
2,1,0
6,1,0
2,1,0
6,1,0
2,1,0
2,1,0
2,1,0
2,1,0
10,1,0
2,1,0
2,1,0
2,1,0
4,1,0
1,1,0
2,1,0
2,1,0
2,1,0
2,1,0
2,1,0
3,1,0
2,1,0
2,1,0
2,1,0
4,1,0
2,1,0
2,1,0
11,1,0
9,1,0
2,1,0
4,1,0
3,1,0
2,1,0
2,1,0
2,1,0
2,1,0
2,1,0
2,1,0
3,1,0
1,1,0
2,1,0
6,1,0
3,1,0
6,2,0
5,1,0
2,1,0
3,1,0
2,1,0
4,1,0
5,1,0
1,1,0
4,1,0
4,1,0
2,1,0
5,1,0
4,1,0
4,1,0
4,1,0
1,1,0
1,1,0
1,1,0
2,1,0
5,2,0
6,1,0
1,1,0
1,1,0
5,1,0
5,1,0
9,1,0
3,1,0
3,1,0
1,1,0
1,1,0
3,1,0
2,1,0
2,1,0
2,1,0
1,1,0
1,1,0
1,1,0
4,1,0
9,1,0
5,1,0
7,1,0
4,1,0
3,1,0
1,1,0
3,1,0
3,1,0
6,1,0
3,1,0
7,1,0
11,1,0
1,1,0
1,1,0
3,1,0
12,1,0
8,1,0
1,1,0
7,1,0
1,1,0
1,1,0
3,1,0
1,1,0
1,1,0
4,1,0
3,1,0
3,1,0
7,1,0
1,1,0
3,1,0
1,1,0
4,1,0
3,1,0
1,1,0
3,1,0
4,1,0
2,1,0
2,1,0
3,1,0
2,1,0
8,1,0
2,1,0
6,1,0
4,1,0
6,1,0
1,1,0
3,1,0
1,1,0
8,1,0
6,1,0
4,1,0
5,1,0
4,1,0
5,1,0
5,1,0
6,1,0
6,1,0
3,1,0
2,1,0
1,1,0
6,1,0
3,1,0
4,1,0
4,1,0
4,1,0
2,1,0
2,1,0
4,1,0
1,1,0
2,1,0
5,1,0
2,1,0
4,1,0
6,1,0
3,1,0
16,1,0
3,1,0
4,1,0
7,1,0
2,1,0
9,1,0
2,1,0
4,1,0
8,1,0
7,1,0
13,1,0
3,1,0
5,2,0
4,1,0
19,1,0
2,1,0
9,1,0
5,1,0
10,1,0
6,1,0
7,1,0
6,1,0
3,1,0
5,1,0
8,1,0
4,1,0
5,1,0
44,1,0
5,1,0
6,1,0
14,1,0
3,1,0
4,1,0
5,1,0
26,1,0
2,1,0
2,1,0
4,1,0
2,1,0
8,1,0
4,1,0
2,1,0
12,1,0
4,1,0
4,1,0
6,1,0
3,1,0
3,1,0
6,1,0
7,1,0
6,1,0
6,1,0
2,1,0
26,1,0
7,1,0
7,1,0
4,1,0
13,1,0
2,1,0
31,1,0
2,1,0
1,1,0
10,1,0
4,1,0
20,1,0
2,1,0
27,1,0
1,1,0
3,1,0
3,1,0
1,1,0
3,1,0
3,1,0
1,1,0
3,1,0
3,1,0
5,1,0
1,1,0
3,1,0
4,1,0
1,1,0
1,1,0
3,1,0
1,1,0
5,2,0
3,1,0
3,1,0
2,1,0
8,1,0
3,1,0
5,1,0
3,1,0
1,1,0
1,1,0
5,2,0
2,1,0
5,1,0
2,1,0
2,1,0
2,1,0
2,1,0
1,1,0
2,1,0
3,1,0
4,2,0
2,1,0
2,1,0
1,1,0
4,1,0
2,1,0
1,1,0
2,1,0
4,1,0
2,1,0
3,1,0
5,1,0
4,1,0
3,1,0
2,1,0
9,1,0
9,1,0
10,1,0
3,1,0
3,1,0
7,1,0
5,1,0
3,1,0
5,1,0
5,1,0
6,1,0
2,1,0
4,1,0
8,1,0
4,1,0
2,1,0
5,1,0
2,1,0
8,1,0
7,1,0
2,1,0
4,1,0
6,1,0
5,1,0
2,1,0
4,1,0
2,1,0
3,1,0
2,1,0
2,1,0
3,1,0
3,1,0
3,1,0
4,1,0
2,1,0
2,1,0
21,1,0
3,1,0
5,1,0
2,1,0
3,1,0
2,1,0
6,1,0
3,1,0
4,1,0
15,1,0
3,1,0
2,1,0
4,1,0
1,1,0
2,1,0
3,1,0
2,1,0
5,1,0
2,1,0
2,1,0
2,1,0
4,1,0
4,1,0
5,1,0
4,1,0
15,2,0
2,1,0
5,1,0
5,1,0
2,1,0
6,1,0
2,1,0
2,1,0
4,1,0
2,1,0
3,1,0
9,1,0
6,1,0
4,1,0
1,1,0
1,1,0
3,1,0
6,1,0
3,1,0
1,1,0
1,1,0
1,1,0
3,1,0
1,1,0
8,1,0
1,1,0
3,1,0
1,1,0
3,1,0
1,1,0
5,1,0
2,1,0
3,1,0
1,1,0
1,1,0
1,1,0
1,1,0
3,1,0
3,1,0
4,1,0
1,1,0
1,1,0
4,1,0
1,1,0
1,1,0
1,1,0
1,1,0
3,1,0
1,1,0
3,1,0
2,1,0
1,1,0
1,1,0
3,1,0
1,1,0
1,1,0
1,1,0
1,1,0
2,1,0
1,1,0
1,1,0
1,1,0
1,1,0
1,1,0
1,1,0
1,1,0
1,1,0
1,1,0
1,1,0
5,1,0
4,1,0
5,1,0
1,1,0
1,1,0
1,1,0
1,1,0
1,1,0
1,1,0
1,1,0
2,1,0
4,1,0
1,1,0
1,1,0
1,1,0
1,1,0
3,1,0
2,1,0
3,1,0
1,1,0
1,1,0
1,1,0
1,1,0
1,1,0
1,1,0
1,1,0
1,1,0
1,1,0
8,1,0
1,1,0
1,1,0
2,1,0
1,1,0
1,1,0
1,1,0
3,1,0
2,1,0
5,1,0
1,1,0
1,1,0
1,1,0
1,1,0
2,1,0
2,1,0
2,1,0
2,1,0
3,1,0
2,1,0
2,1,0
3,1,0
2,1,0
2,1,0
2,1,0
2,1,0
3,1,0
6,1,0
1,1,0
2,1,0
5,1,0
2,1,0
4,1,0
9,1,0
8,1,0
6,1,0
8,1,0
4,1,0
14,1,0
7,1,0
11,1,0
7,1,0
7,1,0
9,1,0
3,1,0
1,1,0
3,1,0
3,1,0
1,1,0
2,1,0
6,1,0
1,1,0
2,1,0
5,1,0
7,1,0
3,1,0
1,1,0
2,1,0
3,1,0
3,1,0
1,1,0
7,1,0
2,1,0
9,1,0
5,1,0
6,1,0
1,1,0
2,1,0
1,1,0
3,1,0
4,1,0
3,1,0
1,1,0
3,1,0
2,1,0
1,1,0
2,1,0
3,1,0
1,1,0
1,1,0
3,1,0
4,1,0
4,1,0
2,1,0
10,1,0
5,1,0
1,1,0
2,1,0
3,1,0
5,1,0
1,1,0
1,1,0
2,1,0
3,1,0
3,1,0
3,1,0
4,1,0
1,1,0
1,1,0
1,1,0
3,1,0
1,1,0
3,1,0
3,1,0
1,1,0
3,1,0
2,1,0
1,1,0
2,1,0
2,1,0
1,1,0
2,1,0
6,1,0
3,1,0
5,1,0
2,1,0
3,1,0
3,1,0
6,1,0
2,1,0
2,1,0
1,1,0
1,1,0
3,1,0
3,1,0
3,1,0
1,1,0
2,1,0
3,1,0
1,1,0
1,1,0
1,1,0
2,1,0
2,1,0
1,1,0
4,1,0
3,1,0
2,1,0
1,1,0
3,1,0
3,1,0
1,1,0
1,1,0
3,1,0
8,1,0
2,1,0
2,1,0
5,1,0
1,1,0
1,1,0
4,1,0
1,1,0
1,1,0
1,1,0
2,1,0
1,1,0
5,1,0
4,1,0
8,1,0
6,1,0
1,1,0
1,1,0
3,1,0
1,1,0
3,1,0
4,1,0
4,1,0
6,1,0
2,1,0
1,1,0
2,1,0
1,1,0
5,1,0
6,1,0
2,1,0
1,1,0
1,1,0
3,1,0
1,1,0
3,1,0
2,1,0
1,1,0
2,1,0
1,1,0
4,1,0
4,1,0
3,1,0
4,1,0
4,1,0
1,1,0
10,1,0
3,1,0
6,1,0
3,1,0
3,1,0
3,1,0
1,1,0
1,1,0
1,1,0
2,1,0
9,1,0
5,1,0
1,1,0
2,1,0
1,1,0
2,1,0
3,1,0
5,1,0
1,1,0
4,1,0
3,1,0
1,1,0
3,1,0
1,1,0
3,1,0
2,1,0
2,1,0
2,1,0
1,1,0
3,1,0
3,1,0
2,1,0
1,1,0
4,1,0
8,1,0
2,1,0
1,1,0
1,1,0
11,1,0
5,1,0
3,1,0
5,1,0
3,1,0
4,1,0
4,1,0
1,1,0
3,1,0
4,1,0
3,1,0
5,1,0
6,1,0
2,1,0
6,1,0
1,1,0
1,1,0
2,1,0
3,1,0
3,1,0
4,1,0
1,1,0
3,1,0
6,1,0
3,1,0
2,1,0
4,1,0
1,1,0
3,1,0
3,1,0
4,1,0
5,1,0
1,1,0
3,1,0
5,1,0
4,1,0
1,1,0
1,1,0
1,1,0
8,1,0
4,1,0
11,1,0
6,1,0
9,1,0
6,1,0
5,1,0
2,1,0
2,1,0
7,1,0
8,1,0
11,1,0
6,1,0
5,1,0
5,1,0
2,1,0
8,1,0
5,1,0
6,1,0
4,1,0
3,1,0
5,1,0
1,1,0
1,1,0
7,1,0
1,1,0
2,1,0
4,1,0
3,1,0
3,1,0
13,1,0
3,1,0
3,1,0
3,1,0
4,1,0
4,1,0
6,1,0
3,1,0
7,1,0
4,1,0
2,1,0
4,1,0
4,1,0
4,1,0
4,1,0
4,1,0
2,1,0
5,1,0
2,1,0
7,1,0
3,1,0
3,1,0
7,1,0
4,1,0
1,1,0
2,1,0
3,1,0
4,1,0
1,1,0
2,1,0
3,1,0
9,1,0
5,1,0
4,1,0
5,1,0
3,1,0
2,1,0
3,1,0
3,1,0
3,1,0
1,1,0
3,1,0
5,1,0
3,1,0
4,1,0
2,1,0
1,1,0
4,1,0
4,1,0
5,1,0
2,1,0
2,1,0
2,1,0
3,1,0
2,1,0
3,1,0
4,1,0
4,1,0
2,1,0
4,1,0
1,1,0
2,1,0
5,1,0
3,1,0
4,1,0
1,1,0
1,1,0
2,1,0
3,1,0
6,1,0
8,1,0
1,1,0
3,1,0
3,1,0
1,1,0
2,1,0
4,1,0
1,1,0
3,1,0
1,1,0
4,1,0
3,1,0
1,1,0
1,1,0
1,1,0
5,1,0
1,1,0
5,1,0
1,1,0
3,1,0
1,1,0
3,1,0
1,1,0
1,1,0
5,1,0
1,1,0
1,1,0
2,1,0
1,1,0
2,1,0
1,1,0
2,1,0
1,1,0
1,1,0
1,1,0
5,1,0
2,1,0
4,1,0
2,1,0
1,1,0
2,1,0
2,1,0
1,1,0
5,1,0
2,1,0
2,1,0
3,1,0
3,1,0
5,1,0
2,1,0
3,1,0
3,1,0
4,1,0
3,1,0
3,1,0
1,1,0
2,1,0
1,1,0
4,1,0
2,1,0
3,1,0
2,1,0
5,1,0
2,1,0
2,1,0
2,1,0
6,2,0
8,2,0
5,2,0
6,1,0
2,1,0
5,2,0
6,1,0
2,1,0
2,1,0
1,1,0
2,1,0
3,1,0
2,1,0
2,1,0
2,1,0
2,1,0
2,1,0
3,1,0
3,1,0
2,1,0
3,1,0
2,1,0
5,1,0
2,1,0
2,1,0
2,1,0
1,1,0
3,1,0
2,1,0
5,2,0
4,1,0
1,1,0
3,1,0
9,1,0
2,1,0
2,1,0
2,1,0
4,1,0
6,2,0
5,1,0
2,1,0
3,1,0
2,1,0
4,1,0
2,1,0
2,1,0
4,1,0
5,1,0
2,1,0
2,1,0
7,2,0
7,1,0
2,1,0
4,1,0
2,1,0
2,1,0
5,1,0
5,1,0
5,2,0
3,2,0
2,1,0
4,1,0
5,2,0
5,2,0
2,1,0
2,1,0
2,1,0
8,1,0
3,1,0
7,1,0
2,1,0
4,2,0
2,1,0
9,1,0
2,1,0
3,1,0
5,1,0
4,1,0
7,1,0
5,1,0
5,1,0
2,1,0
3,1,0
3,1,0
2,1,0
5,1,0
4,1,0
1,1,0
4,1,0
9,1,0
7,1,0
2,1,0
6,1,0
6,1,0
3,1,0
5,1,0
5,1,0
8,1,0
6,1,0
6,1,0
5,1,0
4,1,0
3,1,0
4,1,0
4,1,0
5,1,0
3,1,0
6,1,0
2,1,0
5,1,0
2,1,0
2,1,0
9,1,0
7,1,0
8,2,0
4,1,0
3,1,0
4,1,0
1,1,0
2,1,0
2,1,0
2,1,0
6,1,0
4,1,0
3,1,0
2,1,0
2,1,0
2,1,0
10,1,0
2,1,0
2,1,0
8,1,0
6,1,0
2,1,0
4,1,0
4,1,0
6,1,0
17,1,0
19,1,0
8,1,0
1,1,0
4,1,0
4,1,0
3,1,0
3,1,0
3,1,0
2,1,0
2,1,0
2,1,0
4,1,0
2,1,0
2,1,0
6,1,0
4,1,0
7,1,0
3,1,0
2,1,0
13,2,0
5,1,0
4,1,0
3,1,0
3,1,0
3,1,0
4,1,0
6,1,0
2,1,0
1,1,0
5,1,0
8,1,0
21,1,0
2,1,0
3,1,0
4,1,0
4,1,0
2,1,0
1,1,0
3,1,0
4,1,0
3,1,0
3,1,0
3,1,0
1,1,0
7,1,0
1,1,0
3,1,0
3,1,0
6,2,0
4,1,0
3,1,0
2,1,0
2,1,0
5,1,0
3,1,0
2,1,0
1,1,0
3,1,0
1,1,0
2,1,0
2,1,0
2,2,0
2,2,0
18,1,0
8,1,0
5,1,0
2,1,0
6,1,0
5,1,0
28,1,0
7,1,0
3,1,0
2,1,0
3,1,0
6,1,0
2,1,0
2,1,0
2,1,0
4,1,0
4,1,0
2,1,0
4,1,0
4,1,0
2,1,0
2,1,0
2,1,0
4,1,0
2,1,0
3,1,0
2,1,0
2,1,0
1,1,0
2,1,0
3,1,0
4,1,0
5,1,0
9,1,0
5,1,0
5,1,0
6,1,0
2,1,0
2,1,0
3,1,0
2,1,0
5,1,0
8,1,0
11,2,0
5,2,0
2,1,0
2,1,0
3,1,0
5,1,0
2,1,0
1,1,0
6,1,0
1,1,0
8,2,0
5,2,0
1,1,0
2,1,0
2,1,0
3,1,0
5,2,0
2,1,0
7,2,0
8,1,0
3,2,0
6,1,0
2,1,0
17,1,0
2,1,0
2,1,0
10,2,0
2,1,0
2,1,0
8,2,0
7,2,0
7,2,0
2,1,0
2,1,0
11,2,0
6,1,0
2,1,0
3,1,0
4,1,0
4,1,0
2,1,0
6,1,0
4,1,0
14,1,0
6,1,0
2,1,0
4,1,0
13,1,0
2,1,0
2,1,0
2,1,0
8,1,0
2,1,0
1,1,0
1,1,0
2,1,0
2,1,0
1,1,0
3,1,0
2,1,0
1,1,0
1,1,0
2,1,0
1,1,0
1,1,0
1,1,0
2,1,0
12,1,0
3,1,0
2,1,0
4,1,0
2,1,0
2,1,0
3,1,0
4,1,0
4,1,0
2,1,0
6,1,0
13,1,0
1,1,0
8,1,0
3,1,0
6,1,0
5,1,0
11,1,0
3,1,0
8,1,0
14,1,0
4,1,0
5,1,0
8,1,0
7,1,0
2,1,0
3,1,0
9,1,0
2,1,0
13,1,0
13,1,0
7,1,0
5,1,0
11,1,0
4,1,0
7,1,0
7,1,0
10,1,0
5,1,0
5,1,0
13,1,0
3,1,0
1,1,0
5,1,0
8,1,0
2,1,0
5,1,0
3,1,0
3,1,0
1,1,0
2,1,0
3,1,0
2,1,0
6,1,0
3,1,0
5,1,0
9,2,0
8,1,0
5,1,0
9,1,0
10,1,0
1,1,0
7,1,0
3,1,0
4,1,0
8,1,0
1,1,0
1,1,0
6,1,0
4,1,0
4,1,0
12,1,0
3,1,0
3,1,0
5,1,0
6,1,0
2,1,0
11,1,0
5,1,0
5,1,0
4,1,0
3,1,0
8,1,0
11,1,0
5,1,0
1,1,0
4,1,0
6,1,0
1,1,0
11,1,0
4,1,0
9,1,0
5,1,0
12,1,0
3,1,0
9,1,0
1,1,0
4,1,0
3,1,0
4,1,0
3,1,0
4,1,0
5,1,0
7,1,0
1,1,0
7,1,0
9,1,0
3,1,0
14,1,0
3,1,0
5,1,0
1,1,0
1,1,0
1,1,0
3,1,0
3,1,0
8,1,0
3,1,0
3,1,0
3,1,0
3,1,0
7,1,0
5,1,0
4,1,0
3,1,0
2,1,0
10,1,0
4,1,0
7,1,0
6,1,0
1,1,0
1,1,0
2,1,0
2,1,0
8,1,0
9,1,0
5,1,0
3,1,0
4,1,0
1,1,0
1,1,0
5,1,0
1,1,0
10,1,0
5,1,0
1,1,0
9,2,0
4,1,0
10,1,0
10,1,0
10,1,0
2,1,0
4,1,0
3,1,0
3,1,0
1,1,0
2,1,0
3,1,0
4,1,0
1,1,0
6,1,0
3,1,0
11,1,0
8,1,0
2,1,0
3,1,0
11,1,0
6,1,0
2,1,0
1,1,0
6,1,0
11,1,0
1,1,0
6,1,0
2,1,0
4,1,0
4,1,0
4,1,0
7,1,0
6,1,0
8,1,0
12,1,0
1,1,0
1,1,0
3,1,0
8,1,0
5,2,0
15,1,0
12,1,0
6,1,0
4,1,0
1,1,0
10,1,0
5,1,0
1,1,0
4,1,0
8,1,0
1,1,0
3,1,0
9,1,0
1,1,0
3,1,0
6,1,0
5,1,0
5,1,0
3,1,0
3,1,0
1,1,0
3,1,0
3,1,0
9,1,0
3,1,0
5,1,0
4,1,0
6,1,0
3,1,0
4,1,0
9,1,0
1,1,0
2,2,0
4,1,0
5,1,0
5,1,0
5,1,0
7,1,0
1,1,0
2,1,0
5,2,0
2,1,0
3,1,0
7,1,0
3,1,0
6,1,0
2,1,0
1,1,0
3,1,0
2,1,0
3,1,0
6,1,0
2,1,0
5,1,0
1,1,0
3,1,0
4,1,0
9,1,0
7,1,0
7,1,0
1,1,0
4,1,0
18,1,0
2,1,0
4,1,0
10,1,0
1,1,0
1,1,0
3,1,0
9,1,0
7,1,0
2,1,0
1,1,0
1,1,0
6,1,0
5,1,0
3,1,0
8,1,0
5,1,0
3,1,0
4,1,0
3,1,0
4,1,0
4,1,0
12,1,0
6,1,0
5,1,0
4,1,0
1,1,0
4,1,0
6,1,0
3,1,0
1,1,0
1,1,0
5,1,0
5,1,0
8,1,0
2,1,0
11,1,0
4,1,0
3,1,0
1,1,0
2,1,0
6,1,0
3,1,0
4,1,0
4,1,0
1,1,0
3,1,0
4,1,0
3,1,0
2,1,0
4,1,0
5,1,0
1,1,0
4,1,0
3,1,0
9,1,0
3,1,0
1,1,0
1,1,0
6,1,0
7,1,0
1,1,0
1,1,0
1,1,0
1,1,0
3,1,0
1,1,0
1,1,0
3,1,0
1,1,0
1,1,0
1,1,0
1,1,0
1,1,0
1,1,0
6,1,0
6,1,0
1,1,0
1,1,0
2,1,0
1,1,0
1,1,0
10,1,0
1,1,0
1,1,0
3,1,0
1,1,0
1,1,0
1,1,0
1,1,0
1,1,0
1,1,0
7,1,0
1,1,0
1,1,0
1,1,0
1,1,0
3,1,0
1,1,0
1,1,0
3,1,0
1,1,0
1,1,0
1,1,0
1,1,0
3,1,0
1,1,0
1,1,0
1,1,0
1,1,0
1,1,0
1,1,0
1,1,0
1,1,0
1,1,0
1,1,0
3,1,0
3,1,0
5,1,0
1,1,0
1,1,0
10,1,0
1,1,0
1,1,0
1,1,0
1,1,0
1,1,0
1,1,0
1,1,0
1,1,0
1,1,0
1,1,0
1,1,0
1,1,0
1,1,0
2,1,0
5,1,0
1,1,0
1,1,0
1,1,0
1,1,0
2,1,0
1,1,0
1,1,0
1,1,0
1,1,0
7,1,0
4,1,0
3,1,0
1,1,0
5,1,0
1,1,0
1,1,0
1,1,0
1,1,0
1,1,0
1,1,0
1,1,0
1,1,0
1,1,0
1,1,0
1,1,0
1,1,0
1,1,0
1,1,0
3,1,0
1,1,0
1,1,0
1,1,0
1,1,0
1,1,0
1,1,0
1,1,0
1,1,0
1,1,0
3,1,0
1,1,0
7,2,0
1,1,0
1,1,0
1,1,0
1,1,0
1,1,0
8,1,0
6,1,0
6,1,0
2,1,0
6,1,0
6,1,0
5,1,0
7,1,0
4,1,0
2,1,0
2,1,0
14,1,0
2,1,0
2,1,0
5,1,0
7,1,0
6,1,0
4,1,0
7,1,0
8,1,0
6,1,0
2,1,0
2,1,0
2,1,0
6,1,0
6,1,0
4,1,0
2,1,0
2,1,0
9,1,0
6,1,0
2,1,0
4,1,0
3,1,0
2,1,0
5,1,0
3,1,0
3,1,0
1,1,0
2,1,0
2,1,0
4,1,0
2,1,0
2,1,0
4,1,0
5,1,0
2,1,0
10,1,0
2,1,0
5,1,0
8,2,0
2,1,0
5,1,0
5,1,0
7,1,0
9,2,0
3,1,0
8,1,0
2,1,0
4,1,0
2,2,0
6,1,0
2,1,0
6,2,0
1,1,0
7,1,0
2,1,0
2,1,0
2,1,0
4,1,0
6,1,0
2,1,0
2,1,0
4,1,0
2,2,0
3,1,0
11,2,0
2,1,0
3,1,0
7,1,0
2,1,0
2,1,0
2,1,0
9,2,0
2,1,0
2,1,0
4,1,0
9,1,0
2,1,0
3,1,0
3,1,0
2,1,0
3,1,0
1,1,0
6,1,0
8,1,0
2,1,0
3,1,0
2,1,0
6,1,0
2,1,0
2,1,0
3,1,0
5,1,0
2,1,0
1,1,0
5,1,0
3,1,0
3,1,0
1,1,0
3,1,0
6,1,0
2,1,0
3,1,0
4,1,0
11,1,0
7,1,0
5,1,0
4,1,0
5,1,0
17,1,0
7,1,0
13,1,0
6,2,0
4,1,0
11,1,0
3,1,0
6,1,0
4,1,0
3,1,0
7,1,0
5,1,0
7,1,0
2,1,0
7,1,0
3,1,0
6,2,0
17,2,0
2,1,0
2,1,0
6,1,0
5,1,0
3,1,0
4,1,0
17,1,0
2,1,0
3,1,0
2,1,0
5,1,0
7,1,0
3,1,0
3,1,0
6,1,0
7,1,0
11,1,0
9,1,0
1,1,0
3,1,0
3,1,0
11,1,0
7,1,0
2,1,0
3,1,0
5,1,0
5,1,0
3,1,0
3,1,0
3,1,0
4,1,0
13,1,0
6,1,0
8,1,0
12,1,0
8,1,0
15,1,0
3,1,0
3,1,0
7,1,0
7,2,0
5,1,0
2,1,0
3,1,0
7,1,0
4,1,0
4,1,0
2,1,0
6,1,0
7,1,0
7,1,0
8,1,0
5,1,0
9,1,0
2,1,0
4,2,0
1,1,0
3,1,0
4,1,0
5,1,0
10,1,0
4,1,0
6,1,0
4,1,0
2,1,0
2,1,0
3,1,0
6,1,0
3,1,0
6,1,0
3,1,0
3,1,0
3,1,0
7,1,0
5,1,0
8,1,0
8,1,0
5,1,0
6,1,0
7,2,0
2,1,0
2,1,0
19,1,0
6,1,0
8,1,0
4,1,0
6,1,0
2,1,0
5,1,0
2,1,0
3,1,0
2,1,0
4,1,0
2,1,0
2,1,0
3,1,0
2,1,0
2,1,0
4,1,0
1,1,0
3,1,0
2,1,0
7,1,0
9,1,0
3,1,0
3,1,0
3,1,0
2,1,0
5,1,0
2,1,0
3,1,0
5,1,0
2,1,0
2,1,0
5,1,0
2,1,0
7,1,0
6,1,0
3,1,0
3,1,0
3,1,0
1,1,0
2,1,0
1,1,0
3,1,0
4,2,0
3,1,0
3,1,0
1,1,0
6,1,0
6,1,0
1,1,0
2,1,0
7,1,0
3,1,0
2,1,0
2,1,0
22,1,0
3,1,0
3,1,0
10,1,0
6,1,0
2,1,0
4,2,0
8,2,0
12,1,0
20,1,0
3,1,0
7,2,0
10,2,0
2,1,0
2,1,0
6,1,0
5,2,0
2,1,0
4,1,0
2,1,0
2,1,0
11,2,0
10,1,0
13,1,0
2,1,0
6,1,0
2,1,0
6,2,0
5,1,0
21,2,0
11,1,0
3,1,0
2,1,0
3,1,0
11,1,0
3,1,0
5,1,0
4,2,0
3,1,0
3,1,0
7,1,0
10,1,0
7,1,0
9,2,0
2,1,0
7,2,0
9,2,0
6,1,0
2,1,0
10,1,0
6,2,0
2,1,0
2,1,0
9,2,0
10,2,0
3,1,0
6,1,0
7,2,0
3,1,0
5,2,0
4,2,0
7,1,0
7,1,0
13,1,0
10,1,0
5,1,0
8,2,0
5,2,0
3,1,0
5,1,0
3,1,0
5,1,0
10,2,0
18,1,0
3,1,0
2,1,0
2,1,0
2,1,0
2,1,0
1,1,0
2,1,0
2,1,0
3,1,0
2,1,0
2,1,0
5,1,0
2,1,0
3,1,0
2,1,0
2,1,0
3,1,0
2,1,0
3,1,0
2,1,0
5,1,0
3,1,0
2,1,0
2,1,0
2,1,0
6,1,0
2,1,0
2,1,0
2,1,0
2,1,0
2,1,0
2,1,0
2,1,0
2,1,0
1,1,0
1,1,0
4,1,0
4,1,0
1,1,0
19,1,0
4,1,0
7,1,0
3,1,0
9,1,0
5,1,0
2,1,0
3,1,0
3,1,0
4,2,0
1,1,0
6,1,0
6,1,0
1,1,0
4,1,0
7,1,0
3,1,0
4,1,0
10,1,0
3,1,0
6,1,0
3,1,0
1,1,0
6,1,0
1,1,0
1,1,0
4,1,0
3,1,0
3,2,0
4,1,0
7,1,0
8,1,0
4,1,0
6,1,0
3,1,0
3,2,0
5,1,0
5,1,0
3,1,0
8,1,0
1,1,0
10,1,0
4,1,0
5,1,0
7,2,0
4,1,0
8,1,0
1,1,0
10,2,0
2,1,0
3,1,0
3,1,0
7,1,0
3,1,0
4,1,0
5,1,0
6,1,0
3,1,0
5,1,0
4,1,0
1,1,0
1,1,0
12,2,0
2,1,0
1,1,0
3,1,0
1,1,0
3,1,0
6,1,0
5,1,0
1,1,0
17,1,0
3,1,0
10,2,0
1,1,0
2,1,0
4,1,0
4,1,0
9,1,0
3,1,0
5,1,0
3,1,0
14,1,0
6,1,0
3,1,0
4,1,0
10,1,0
11,1,0
6,1,0
7,1,0
6,1,0
6,1,0
3,1,0
3,2,0
4,1,0
5,1,0
5,2,0
5,1,0
3,1,0
3,1,0
1,1,0
7,1,0
11,1,0
12,1,0
1,1,0
4,1,0
4,1,0
2,1,0
1,1,0
6,1,0
10,2,0
1,1,0
4,1,0
6,1,0
8,1,0
4,2,0
1,1,0
6,1,0
3,1,0
3,1,0
2,1,0
10,1,0
3,1,0
8,1,0
4,1,0
2,1,0
5,1,0
4,1,0
3,1,0
14,1,0
13,1,0
4,1,0
19,1,0
5,1,0
3,1,0
1,1,0
1,1,0
13,1,0
1,1,0
3,2,0
10,1,0
4,1,0
8,1,0
14,1,0
3,1,0
7,1,0
4,1,0
3,1,0
3,1,0
4,1,0
7,1,0
10,2,0
1,1,0
6,1,0
5,1,0
3,1,0
12,2,0
3,1,0
5,1,0
1,1,0
8,1,0
3,1,0
1,1,0
2,1,0
11,2,0
3,1,0
7,1,0
8,1,0
2,1,0
4,1,0
2,1,0
4,1,0
3,1,0
5,1,0
22,1,0
4,1,0
3,1,0
3,1,0
2,1,0
1,1,0
3,1,0
3,1,0
4,1,0
6,1,0
5,1,0
3,1,0
6,1,0
2,1,0
5,1,0
7,1,0
8,2,0
6,2,0
2,1,0
5,1,0
3,1,0
7,1,0
2,1,0
6,1,0
3,1,0
3,1,0
4,2,0
5,1,0
11,1,0
18,1,0
2,1,0
3,1,0
17,1,0
2,1,0
3,1,0
7,1,0
2,1,0
8,1,0
2,1,0
2,1,0
6,1,0
6,1,0
4,2,0
3,1,0
4,1,0
2,1,0
1,1,0
3,1,0
2,1,0
6,1,0
5,1,0
4,1,0
6,1,0
3,1,0
3,1,0
5,1,0
1,1,0
3,1,0
3,1,0
2,1,0
2,1,0
3,1,0
2,1,0
3,1,0
2,1,0
5,1,0
1,1,0
3,2,0
2,1,0
3,1,0
3,1,0
3,1,0
2,1,0
3,1,0
6,1,0
1,1,0
2,1,0
3,1,0
4,1,0
1,1,0
2,1,0
3,1,0
2,1,0
2,1,0
4,1,0
7,1,0
2,1,0
4,1,0
4,1,0
8,1,0
5,1,0
5,1,0
2,1,0
2,1,0
7,1,0
6,1,0
4,1,0
8,1,0
1,1,0
7,1,0
5,1,0
3,1,0
4,1,0
5,1,0
2,1,0
7,1,0
1,1,0
5,1,0
3,1,0
5,1,0
2,1,0
1,1,0
5,1,0
3,1,0
12,1,0
5,1,0
7,1,0
2,1,0
5,1,0
4,1,0
2,1,0
6,1,0
6,1,0
1,1,0
1,1,0
3,1,0
13,1,0
1,1,0
1,1,0
3,1,0
6,1,0
5,1,0
1,1,0
1,1,0
5,1,0
2,1,0
1,1,0
1,1,0
8,1,0
3,1,0
10,1,0
5,1,0
3,1,0
1,1,0
11,1,0
1,1,0
1,1,0
9,1,0
4,1,0
8,1,0
4,1,0
1,1,0
1,1,0
2,1,0
2,1,0
4,1,0
3,1,0
2,1,0
2,1,0
2,1,0
1,1,0
2,1,0
6,1,0
1,1,0
7,1,0
4,1,0
4,1,0
2,1,0
7,1,0
2,1,0
8,1,0
4,1,0
4,2,0
4,1,0
3,1,0
4,1,0
7,1,0
2,1,0
2,1,0
5,1,0
2,1,0
6,1,0
3,1,0
5,1,0
4,1,0
3,1,0
1,1,0
3,1,0
3,1,0
3,1,0
5,1,0
3,2,0
2,1,0
5,1,0
3,1,0
4,1,0
6,1,0
11,1,0
3,1,0
3,1,0
2,1,0
4,1,0
3,1,0
3,1,0
5,1,0
2,1,0
3,1,0
6,1,0
2,1,0
4,1,0
7,1,0
3,1,0
4,1,0
3,1,0
3,1,0
4,1,0
4,1,0
6,1,0
2,1,0
3,1,0
3,1,0
3,1,0
3,1,0
2,1,0
4,1,0
4,1,0
4,1,0
5,1,0
1,1,0
2,1,0
2,1,0
2,1,0
7,1,0
3,1,0
4,1,0
5,1,0
4,1,0
4,1,0
11,1,0
4,1,0
5,1,0
2,2,0
7,1,0
10,1,0
12,1,0
3,1,0
1,1,0
6,1,0
5,1,0
12,1,0
10,1,0
3,1,0
5,1,0
6,1,0
4,1,0
3,1,0
3,1,0
3,1,0
3,1,0
4,1,0
4,1,0
3,1,0
4,1,0
3,1,0
3,1,0
2,1,0
5,1,0
2,1,0
5,1,0
4,1,0
7,1,0
6,1,0
9,2,0
4,1,0
4,1,0
10,1,0
8,1,0
3,1,0
4,1,0
11,1,0
3,1,0
4,1,0
6,1,0
5,1,0
6,1,0
2,1,0
8,1,0
3,1,0
4,1,0
2,1,0
1,1,0
5,1,0
10,2,0
5,1,0
3,1,0
24,1,0
3,1,0
3,1,0
4,1,0
7,1,0
4,1,0
5,1,0
3,1,0
3,1,0
2,2,0
5,1,0
5,2,0
2,1,0
3,1,0
1,1,0
2,1,0
4,1,0
5,1,0
3,1,0
11,1,0
21,1,0
5,1,0
3,1,0
15,2,0
5,1,0
3,1,0
4,1,0
4,1,0
3,1,0
5,1,0
6,1,0
4,1,0
2,1,0
4,1,0
6,1,0
3,1,0
5,1,0
12,1,0
7,1,0
7,1,0
9,1,0
3,1,0
5,1,0
6,1,0
4,1,0
13,2,0
1,2,0
5,2,0
4,1,0
3,1,0
9,2,0
10,1,0
4,1,0
8,1,0
3,1,0
3,1,0
1,1,0
5,1,0
6,1,0
3,1,0
7,1,0
1,1,0
2,1,0
3,1,0
8,1,0
4,1,0
1,1,0
4,1,0
2,1,0
2,1,0
7,1,0
6,1,0
18,1,0
7,1,0
2,1,0
6,1,0
8,1,0
12,1,0
4,1,0
4,1,0
7,1,0
5,1,0
5,1,0
6,1,0
14,2,0
4,1,0
25,1,0
20,1,0
4,1,0
10,1,0
13,1,0
5,1,0
7,1,0
3,1,0
2,1,0
6,1,0
4,1,0
14,1,0
10,1,0
5,1,0
9,1,0
20,1,0
5,1,0
6,1,0
8,1,0
31,1,0
7,1,0
2,1,0
9,1,0
7,1,0
7,1,0
6,1,0
4,1,0
4,1,0
15,1,0
10,1,0
8,1,0
19,1,0
7,1,0
11,1,0
36,1,0
27,1,0
5,1,0
3,1,0
10,1,0
24,1,0
1,1,0
20,1,0
2,1,0
34,1,0
3,1,0
3,1,0
6,1,0
6,1,0
7,1,0
7,1,0
13,1,0
3,1,0
12,1,0
10,1,0
8,1,0
3,1,0
3,1,0
6,1,0
21,1,0
5,2,0
2,1,0
2,1,0
3,1,0
2,1,0
3,1,0
4,1,0
3,1,0
7,2,0
3,1,0
3,1,0
4,1,0
2,2,0
1,1,0
4,1,0
1,1,0
1,1,0
7,1,0
6,1,0
3,1,0
1,1,0
6,1,0
2,1,0
3,2,0
3,1,0
1,1,0
3,1,0
1,1,0
1,1,0
7,2,0
4,1,0
1,1,0
1,1,0
3,2,0
1,1,0
4,1,0
1,1,0
3,1,0
2,1,0
2,1,0
3,1,0
2,1,0
1,1,0
3,1,0
5,1,0
6,1,0
1,1,0
3,1,0
1,1,0
1,1,0
5,1,0
1,1,0
1,1,0
2,1,0
3,1,0
9,1,0
1,1,0
2,1,0
3,1,0
1,1,0
1,1,0
2,2,0
2,1,0
2,1,0
5,2,0
1,1,0
2,2,0
1,1,0
3,1,0
3,1,0
2,1,0
1,1,0
3,1,0
8,1,0
1,1,0
1,1,0
2,1,0
3,1,0
1,1,0
6,1,0
4,1,0
3,1,0
8,1,0
8,1,0
3,1,0
6,1,0
6,1,0
4,1,0
11,1,0
1,1,0
5,1,0
10,1,0
9,1,0
3,1,0
9,1,0
3,1,0
10,1,0
9,1,0
3,1,0
3,1,0
5,1,0
3,1,0
5,1,0
12,1,0
3,1,0
3,1,0
12,1,0
2,1,0
2,1,0
1,1,0
3,1,0
10,1,0
13,1,0
11,1,0
6,1,0
4,1,0
10,1,0
6,1,0
1,1,0
3,1,0
4,1,0
2,1,0
4,1,0
3,1,0
2,1,0
10,1,0
7,1,0
7,1,0
17,1,0
11,1,0
1,1,0
3,1,0
4,1,0
12,1,0
9,1,0
3,1,0
5,1,0
7,1,0
8,1,0
8,1,0
7,1,0
6,1,0
3,1,0
3,1,0
6,1,0
7,1,0
4,1,0
4,1,0
3,1,0
1,1,0
7,1,0
9,1,0
3,1,0
11,1,0
5,1,0
3,1,0
1,1,0
5,1,0
3,1,0
3,1,0
4,1,0
4,1,0
6,1,0
11,1,0
6,1,0
4,1,0
3,1,0
10,1,0
7,1,0
4,1,0
9,1,0
3,1,0
7,2,0
8,1,0
1,1,0
3,1,0
10,1,0
7,1,0
4,1,0
2,1,0
9,1,0
12,1,0
7,1,0
4,1,0
3,1,0
7,1,0
3,1,0
3,1,0
5,1,0
2,1,0
2,1,0
6,1,0
6,1,0
12,1,0
13,1,0
2,1,0
2,1,0
4,1,0
1,1,0
2,1,0
5,1,0
3,1,0
4,1,0
8,1,0
9,2,0
4,1,0
6,1,0
9,1,0
11,2,0
6,1,0
2,1,0
5,1,0
5,1,0
4,1,0
3,1,0
2,1,0
10,1,0
1,1,0
7,1,0
6,2,0
5,1,0
3,1,0
1,1,0
2,1,0
3,1,0
3,1,0
5,2,0
3,1,0
5,1,0
7,1,0
6,1,0
8,1,0
7,1,0
6,1,0
1,1,0
2,1,0
6,1,0
4,1,0
6,1,0
8,1,0
4,1,0
4,1,0
6,1,0
1,1,0
1,1,0
7,1,0
7,1,0
1,1,0
6,1,0
10,2,0
2,1,0
5,1,0
6,1,0
3,1,0
6,2,0
3,1,0
2,1,0
6,1,0
9,2,0
4,1,0
4,1,0
1,1,0
8,1,0
10,1,0
4,1,0
8,2,0
5,2,0
4,1,0
4,1,0
5,1,0
8,1,0
2,1,0
3,1,0
7,1,0
1,1,0
10,1,0
5,1,0
4,1,0
2,1,0
2,1,0
5,1,0
3,2,0
2,1,0
6,2,0
4,1,0
11,2,0
5,1,0
3,1,0
3,1,0
2,1,0
4,1,0
6,1,0
3,1,0
3,1,0
6,1,0
3,1,0
1,1,0
6,1,0
5,1,0
2,1,0
13,1,0
2,1,0
9,1,0
3,1,0
3,1,0
6,1,0
5,2,0
5,1,0
3,1,0
5,2,0
5,1,0
7,1,0
5,2,0
1,1,0
7,1,0
3,1,0
5,1,0
4,1,0
3,1,0
7,1,0
6,1,0
4,1,0
3,1,0
5,1,0
2,1,0
4,1,0
4,1,0
3,1,0
8,1,0
3,1,0
4,1,0
3,1,0
14,1,0
2,1,0
2,1,0
9,2,0
4,1,0
2,1,0
8,2,0
12,2,0
2,1,0
13,1,0
4,1,0
4,1,0
5,1,0
6,1,0
5,1,0
6,1,0
10,2,0
9,1,0
2,1,0
3,1,0
9,1,0
6,1,0
4,1,0
5,1,0
6,1,0
6,1,0
6,2,0
7,2,0
4,1,0
5,1,0
12,1,0
7,1,0
1,1,0
8,1,0
9,1,0
5,1,0
17,1,0
9,1,0
3,1,0
6,1,0
7,1,0
10,1,0
4,1,0
8,1,0
3,1,0
10,1,0
6,1,0
16,1,0
12,1,0
7,1,0
6,1,0
5,1,0
28,1,0
14,1,0
2,1,0
10,1,0
8,1,0
6,1,0
7,1,0
3,1,0
10,1,0
3,1,0
8,1,0
22,1,0
2,1,0
3,1,0
5,1,0
1,1,0
8,1,0
2,1,0
1,1,0
3,1,0
9,1,0
5,1,0
4,1,0
6,1,0
5,1,0
1,1,0
2,1,0
11,2,0
3,1,0
2,1,0
2,1,0
8,1,0
3,1,0
2,1,0
2,1,0
2,1,0
3,1,0
2,1,0
2,1,0
6,1,0
2,1,0
2,1,0
18,1,0
13,1,0
2,1,0
2,1,0
6,1,0
2,1,0
5,1,0
2,1,0
2,1,0
10,1,0
9,1,0
9,1,0
2,1,0
3,1,0
2,1,0
2,1,0
2,1,0
2,1,0
3,1,0
5,1,0
4,1,0
5,1,0
3,1,0
2,1,0
3,1,0
2,1,0
6,1,0
5,1,0
2,1,0
2,1,0
2,1,0
4,1,0
2,1,0
3,1,0
2,1,0
2,2,0
2,1,0
3,1,0
4,1,0
3,1,0
7,1,0
9,1,0
2,1,0
2,1,0
3,1,0
2,1,0
2,1,0
2,1,0
2,1,0
2,1,0
3,1,0
2,1,0
3,1,0
2,1,0
3,1,0
2,1,0
2,1,0
2,1,0
2,1,0
2,1,0
2,1,0
2,1,0
2,1,0
2,1,0
2,1,0
2,1,0
2,1,0
2,1,0
2,1,0
2,1,0
2,1,0
2,1,0
2,1,0
2,1,0
2,1,0
2,1,0
2,1,0
2,1,0
2,1,0
2,1,0
2,1,0
4,1,0
3,1,0
3,1,0
2,1,0
4,1,0
2,1,0
3,1,0
2,1,0
2,1,0
3,1,0
2,1,0
3,1,0
2,1,0
2,1,0
4,2,0
2,1,0
2,1,0
2,1,0
2,1,0
2,1,0
2,1,0
2,1,0
6,1,0
3,1,0
2,1,0
2,1,0
2,1,0
2,1,0
2,1,0
2,1,0
2,1,0
2,1,0
2,1,0
2,1,0
3,1,0
3,1,0
2,1,0
2,1,0
2,1,0
2,1,0
2,1,0
3,1,0
2,1,0
2,1,0
5,1,0
2,1,0
2,1,0
2,1,0
2,1,0
3,1,0
2,1,0
6,1,0
2,1,0
2,1,0
5,1,0
2,2,0
2,1,0
4,1,0
1,1,0
6,1,0
1,1,0
2,1,0
2,1,0
2,1,0
8,1,0
9,1,0
2,1,0
7,1,0
5,1,0
3,1,0
2,1,0
4,1,0
4,1,0
4,1,0
2,1,0
2,1,0
9,1,0
3,1,0
1,1,0
2,1,0
3,1,0
4,1,0
5,1,0
3,1,0
6,2,0
3,1,0
3,1,0
4,1,0
5,1,0
4,1,0
6,2,0
5,2,0
5,1,0
5,1,0
10,1,0
5,1,0
10,2,0
4,1,0
6,1,0
11,1,0
3,1,0
3,1,0
4,1,0
4,1,0
18,1,0
1,1,0
3,1,0
1,1,0
10,1,0
6,1,0
1,1,0
1,1,0
3,1,0
11,2,0
2,1,0
12,1,0
3,1,0
1,1,0
3,1,0
6,1,0
5,1,0
4,2,0
2,1,0
3,1,0
7,1,0
2,2,0
5,1,0
3,1,0
3,1,0
4,1,0
3,1,0
6,1,0
1,1,0
5,1,0
1,1,0
1,1,0
6,1,0
8,1,0
2,1,0
3,1,0
3,1,0
5,1,0
6,2,0
2,1,0
8,3,0
15,1,0
1,1,0
5,1,0
4,1,0
3,1,0
4,1,0
6,1,0
3,1,0
4,1,0
5,1,0
3,1,0
3,1,0
3,1,0
4,1,0
7,1,0
12,1,0
3,1,0
9,1,0
6,1,0
7,2,0
3,1,0
2,1,0
3,2,0
3,1,0
6,1,0
2,1,0
6,1,0
3,1,0
3,1,0
5,1,0
10,2,0
3,1,0
4,1,0
5,1,0
5,1,0
7,1,0
13,1,0
5,1,0
3,1,0
4,1,0
1,1,0
1,1,0
2,1,0
5,3,0
1,1,0
1,1,0
1,1,0
4,1,0
2,2,0
5,2,0
14,2,0
4,2,0
2,2,0
2,1,0
1,1,0
3,1,0
1,1,0
1,1,0
1,1,0
11,2,0
1,1,0
2,1,0
3,2,0
1,1,0
5,2,0
2,2,0
1,1,0
3,2,0
2,1,0
4,3,0
1,1,0
3,2,0
3,2,0
2,2,0
3,1,0
1,1,0
3,1,0
3,1,0
1,1,0
1,1,0
3,1,0
4,1,0
9,1,0
4,1,0
4,1,0
4,1,0
4,1,0
1,1,0
3,1,0
5,1,0
1,1,0
1,1,0
3,1,0
3,1,0
3,1,0
3,1,0
1,1,0
3,1,0
1,1,0
3,1,0
1,1,0
3,1,0
3,1,0
2,1,0
2,1,0
1,1,0
1,1,0
3,2,0
2,1,0
1,1,0
3,1,0
2,1,0
1,1,0
1,1,0
7,1,0
4,1,0
1,1,0
3,1,0
6,1,0
3,2,0
3,1,0
5,2,0
5,1,0
1,1,0
2,1,0
4,1,0
2,1,0
3,1,0
3,1,0
4,1,0
4,1,0
4,1,0
3,1,0
6,1,0
3,1,0
5,1,0
1,1,0
2,1,0
4,1,0
1,1,0
3,1,0
3,1,0
4,1,0
3,1,0
3,1,0
2,1,0
1,1,0
3,1,0
3,1,0
1,1,0
1,1,0
1,1,0
3,1,0
4,1,0
1,1,0
4,1,0
3,1,0
3,1,0
2,1,0
2,1,0
5,1,0
4,1,0
8,1,0
2,1,0
4,1,0
2,1,0
6,1,0
3,1,0
2,1,0
3,1,0
10,1,0
6,1,0
2,1,0
3,1,0
2,1,0
10,1,0
2,1,0
2,1,0
6,1,0
4,1,0
2,1,0
2,1,0
2,1,0
2,1,0
8,1,0
4,1,0
3,1,0
2,1,0
1,1,0
6,1,0
2,1,0
2,1,0
2,1,0
4,1,0
2,1,0
9,1,0
2,1,0
2,1,0
4,1,0
2,1,0
4,1,0
1,1,0
2,1,0
2,1,0
2,1,0
2,1,0
2,1,0
3,1,0
1,1,0
5,1,0
4,1,0
18,1,0
2,1,0
6,1,0
3,1,0
6,1,0
2,1,0
9,2,0
12,1,0
11,1,0
6,1,0
7,2,0
5,1,0
5,1,0
9,1,0
8,1,0
15,1,0
1,1,0
6,1,0
15,1,0
9,2,0
3,1,0
2,1,0
5,2,0
6,1,0
6,1,0
4,1,0
6,1,0
5,1,0
3,1,0
3,1,0
1,1,0
7,1,0
1,1,0
2,1,0
3,1,0
1,1,0
2,1,0
1,1,0
3,1,0
5,1,0
8,1,0
1,1,0
5,1,0
1,1,0
1,1,0
2,1,0
1,1,0
1,1,0
7,1,0
1,1,0
1,1,0
2,1,0
6,1,0
2,1,0
1,1,0
2,1,0
4,1,0
1,1,0
1,1,0
4,1,0
3,1,0
2,1,0
3,1,0
4,1,0
5,1,0
14,1,0
2,1,0
4,1,0
1,1,0
9,2,0
3,1,0
4,1,0
2,1,0
2,1,0
4,1,0
1,1,0
2,1,0
2,1,0
8,1,0
3,1,0
2,1,0
2,1,0
2,1,0
2,1,0
16,1,0
2,1,0
2,1,0
2,1,0
2,2,0
4,1,0
3,1,0
4,1,0
2,1,0
4,1,0
4,1,0
2,1,0
2,1,0
1,1,0
2,1,0
2,1,0
2,1,0
4,1,0
2,1,0
2,1,0
7,1,0
2,1,0
4,1,0
5,1,0
2,1,0
2,1,0
2,1,0
4,1,0
4,1,0
11,1,0
4,1,0
2,1,0
11,1,0
4,2,0
3,1,0
3,1,0
5,1,0
7,1,0
1,1,0
1,1,0
1,1,0
9,1,0
1,1,0
3,1,0
7,1,0
1,1,0
9,1,0
1,1,0
3,1,0
9,1,0
5,1,0
5,1,0
3,1,0
3,1,0
1,1,0
1,1,0
6,1,0
12,1,0
3,1,0
1,1,0
2,1,0
15,1,0
4,1,0
3,1,0
1,1,0
3,1,0
10,1,0
3,1,0
3,1,0
1,1,0
1,1,0
3,1,0
3,1,0
3,1,0
5,1,0
3,1,0
3,1,0
3,1,0
3,1,0
1,1,0
3,1,0
4,1,0
4,1,0
3,1,0
16,1,0
1,1,0
2,1,0
1,1,0
2,1,0
3,1,0
1,1,0
7,1,0
3,1,0
2,1,0
3,1,0
2,1,0
17,1,0
7,1,0
2,1,0
6,1,0
5,1,0
2,1,0
1,1,0
3,1,0
1,1,0
1,1,0
2,1,0
2,1,0
1,1,0
9,1,0
9,1,0
2,1,0
1,1,0
10,1,0
1,1,0
3,1,0
3,2,0
6,1,0
6,1,0
4,1,0
4,1,0
5,1,0
1,1,0
1,1,0
1,1,0
2,1,0
6,1,0
9,1,0
1,1,0
3,1,0
1,1,0
1,1,0
5,2,0
3,1,0
1,1,0
1,1,0
1,1,0
3,1,0
3,1,0
5,1,0
1,1,0
5,1,0
7,2,0
3,1,0
2,1,0
1,1,0
1,1,0
7,1,0
5,1,0
3,1,0
3,1,0
4,1,0
7,1,0
4,1,0
2,1,0
1,1,0
1,1,0
1,1,0
3,1,0
1,1,0
6,1,0
2,1,0
1,1,0
1,1,0
1,1,0
2,1,0
3,2,0
5,1,0
4,1,0
7,2,0
5,1,0
2,1,0
1,1,0
1,1,0
1,1,0
4,1,0
1,1,0
14,2,0
3,2,0
2,1,0
6,1,0
3,1,0
4,1,0
1,1,0
2,1,0
1,1,0
1,1,0
2,1,0
6,1,0
1,1,0
5,1,0
3,1,0
3,1,0
3,2,0
3,2,0
5,2,0
1,1,0
1,1,0
1,1,0
2,1,0
3,1,0
4,1,0
8,1,0
1,1,0
3,1,0
1,1,0
6,1,0
10,1,0
2,1,0
1,1,0
1,1,0
9,1,0
4,1,0
2,1,0
4,1,0
3,2,0
3,1,0
4,1,0
1,1,0
1,1,0
5,1,0
4,1,0
6,2,0
4,1,0
3,1,0
3,1,0
5,1,0
1,1,0
3,1,0
3,1,0
5,1,0
3,1,0
7,2,0
3,1,0
1,1,0
1,1,0
13,2,0
2,1,0
1,1,0
3,1,0
3,1,0
4,1,0
1,1,0
1,1,0
5,2,0
1,1,0
7,1,0
1,1,0
5,2,0
1,1,0
3,1,0
4,1,0
1,1,0
1,1,0
2,1,0
6,2,0
2,1,0
5,1,0
5,1,0
3,1,0
1,1,0
1,1,0
1,1,0
5,1,0
1,1,0
2,1,0
5,1,0
3,1,0
4,1,0
2,1,0
1,1,0
3,1,0
1,1,0
1,1,0
3,1,0
3,1,0
5,1,0
1,1,0
7,1,0
4,1,0
3,1,0
8,1,0
1,1,0
3,1,0
4,1,0
3,1,0
6,1,0
6,1,0
1,1,0
1,1,0
1,1,0
1,1,0
3,1,0
10,1,0
1,1,0
2,1,0
6,1,0
2,1,0
5,1,0
5,1,0
2,1,0
4,1,0
7,1,0
1,1,0
4,1,0
1,1,0
1,1,0
3,1,0
2,1,0
3,1,0
4,1,0
5,1,0
6,1,0
4,1,0
1,1,0
1,1,0
2,1,0
4,1,0
3,1,0
10,1,0
2,1,0
2,1,0
3,1,0
3,1,0
2,1,0
2,1,0
4,1,0
5,1,0
2,1,0
3,1,0
4,1,0
8,1,0
1,1,0
2,1,0
2,1,0
9,1,0
2,1,0
2,1,0
6,1,0
2,1,0
2,1,0
5,1,0
4,1,0
4,1,0
2,1,0
4,1,0
2,1,0
3,1,0
4,1,0
2,1,0
2,1,0
6,1,0
6,1,0
3,1,0
2,1,0
4,1,0
2,1,0
3,1,0
6,1,0
3,1,0
1,1,0
8,1,0
2,1,0
1,1,0
2,1,0
4,1,0
4,1,0
2,1,0
4,1,0
5,1,0
2,1,0
1,1,0
2,1,0
1,1,0
4,1,0
4,1,0
3,1,0
3,1,0
3,1,0
2,1,0
7,1,0
7,1,0
2,1,0
3,1,0
5,2,0
15,1,0
6,1,0
33,2,0
18,1,0
2,1,0
8,2,0
7,2,0
5,1,0
3,1,0
7,1,0
7,2,0
5,2,0
9,1,0
9,1,0
16,1,0
9,1,0
15,2,0
17,1,0
7,2,0
3,1,0
3,1,0
37,1,0
12,2,0
9,1,0
4,1,0
17,2,0
6,2,0
19,2,0
5,1,0
18,2,0
8,2,0
4,1,0
15,2,0
10,2,0
13,1,0
17,1,0
2,1,0
26,1,0
7,1,0
10,2,0
10,2,0
9,2,0
4,1,0
5,2,0
13,1,0
9,1,0
13,2,0
5,1,0
45,1,0
7,1,0
6,2,0
10,2,0
5,1,0
7,2,0
5,1,0
10,2,0
15,1,0
3,1,0
17,1,0
10,1,0
6,1,0
10,1,0
35,1,0
15,2,0
9,2,0
15,1,0
13,2,0
8,2,0
10,2,0
8,1,0
4,1,0
2,1,0
10,1,0
1,1,0
7,1,0
1,1,0
2,1,0
5,1,0
4,1,0
2,1,0
2,1,0
3,1,0
4,1,0
2,1,0
2,1,0
3,1,0
5,2,0
2,1,0
3,1,0
6,1,0
6,1,0
5,1,0
2,1,0
7,1,0
10,1,0
17,2,0
1,1,0
2,1,0
2,1,0
2,1,0
3,1,0
12,1,0
7,1,0
6,1,0
2,1,0
3,1,0
2,1,0
5,1,0
9,1,0
4,1,0
4,1,0
2,1,0
5,1,0
3,1,0
5,1,0
3,1,0
7,1,0
3,1,0
1,1,0
4,1,0
2,1,0
4,1,0
2,1,0
6,1,0
7,1,0
14,1,0
1,1,0
3,1,0
10,1,0
8,1,0
6,1,0
3,1,0
6,1,0
6,1,0
7,1,0
19,1,0
6,1,0
1,1,0
7,1,0
6,1,0
7,1,0
9,1,0
13,1,0
6,1,0
3,1,0
16,1,0
9,1,0
1,1,0
11,1,0
7,1,0
8,1,0
5,1,0
5,1,0
1,1,0
3,1,0
11,1,0
3,1,0
2,1,0
7,1,0
8,1,0
5,1,0
1,1,0
1,1,0
16,1,0
3,1,0
6,1,0
6,1,0
1,1,0
1,1,0
1,1,0
1,1,0
1,1,0
1,1,0
1,1,0
1,1,0
2,1,0
1,1,0
1,1,0
1,1,0
5,1,0
11,1,0
6,1,0
5,1,0
2,1,0
2,1,0
7,1,0
2,1,0
2,1,0
2,1,0
3,1,0
6,1,0
2,1,0
2,1,0
3,1,0
3,1,0
1,1,0
3,1,0
3,1,0
4,1,0
2,1,0
3,1,0
3,1,0
1,1,0
2,1,0
3,1,0
3,1,0
2,1,0
3,1,0
4,1,0
3,1,0
3,1,0
2,1,0
1,1,0
2,1,0
2,1,0
2,1,0
3,1,0
3,1,0
2,1,0
3,1,0
2,1,0
6,1,0
3,1,0
1,1,0
5,1,0
4,1,0
2,1,0
3,1,0
3,1,0
2,1,0
2,1,0
4,1,0
5,1,0
4,1,0
4,1,0
3,2,0
3,2,0
1,1,0
6,1,0
6,1,0
5,1,0
5,1,0
1,1,0
5,2,0
1,1,0
3,2,0
3,1,0
7,2,0
4,2,0
3,1,0
3,1,0
5,1,0
1,1,0
4,1,0
1,1,0
3,1,0
10,2,0
6,1,0
6,1,0
1,1,0
6,1,0
5,1,0
2,1,0
1,1,0
1,1,0
1,1,0
2,1,0
3,1,0
3,1,0
4,2,0
1,1,0
3,1,0
1,1,0
1,1,0
1,1,0
6,1,0
2,1,0
3,1,0
1,1,0
3,1,0
1,1,0
1,1,0
1,1,0
2,1,0
6,1,0
1,1,0
1,1,0
3,1,0
1,1,0
5,1,0
5,1,0
3,2,0
1,1,0
1,1,0
6,1,0
1,1,0
7,1,0
1,1,0
1,1,0
1,1,0
3,1,0
5,1,0
1,1,0
3,2,0
1,1,0
3,1,0
2,1,0
2,1,0
1,1,0
2,1,0
1,1,0
1,1,0
1,1,0
3,1,0
1,1,0
6,2,0
3,1,0
3,1,0
10,2,0
3,1,0
4,1,0
1,1,0
3,1,0
5,1,0
2,1,0
1,1,0
1,1,0
3,1,0
7,1,0
5,2,0
5,1,0
10,2,0
1,1,0
3,2,0
3,2,0
2,1,0
1,1,0
7,1,0
3,1,0
1,1,0
3,1,0
3,2,0
3,1,0
3,1,0
3,1,0
8,2,0
1,1,0
3,1,0
1,1,0
7,1,0
3,1,0
6,1,0
1,1,0
2,1,0
10,1,0
3,2,0
3,2,0
3,1,0
2,1,0
8,2,0
1,1,0
1,1,0
1,1,0
1,1,0
1,1,0
1,1,0
1,1,0
6,1,0
11,1,0
4,1,0
8,1,0
4,1,0
2,1,0
2,1,0
1,1,0
5,2,0
1,1,0
5,1,0
1,1,0
3,1,0
1,1,0
4,1,0
1,1,0
3,1,0
4,1,0
1,1,0
3,1,0
3,2,0
1,1,0
3,1,0
3,1,0
3,2,0
5,2,0
2,1,0
4,1,0
2,1,0
3,2,0
4,1,0
1,1,0
1,1,0
5,1,0
6,1,0
5,2,0
4,2,0
3,1,0
5,1,0
5,1,0
3,1,0
1,1,0
4,1,0
3,1,0
5,1,0
5,1,0
4,1,0
1,1,0
3,1,0
1,1,0
3,1,0
1,1,0
10,1,0
1,1,0
7,1,0
1,1,0
4,1,0
1,1,0
3,1,0
1,1,0
4,1,0
3,1,0
2,1,0
3,1,0
6,2,0
7,2,0
3,1,0
5,2,0
8,1,0
4,1,0
1,1,0
3,2,0
1,1,0
3,1,0
1,1,0
1,1,0
6,1,0
1,1,0
7,1,0
8,1,0
1,1,0
1,1,0
1,1,0
4,1,0
4,1,0
11,2,0
4,1,0
7,1,0
4,1,0
3,2,0
6,1,0
3,1,0
4,1,0
1,1,0
1,1,0
1,1,0
1,1,0
3,1,0
1,1,0
3,1,0
3,1,0
1,1,0
1,1,0
4,2,0
2,1,0
6,1,0
6,1,0
5,1,0
6,1,0
5,1,0
1,1,0
3,1,0
5,1,0
2,1,0
2,1,0
3,1,0
6,1,0
5,1,0
6,1,0
15,1,0
2,1,0
11,1,0
3,1,0
3,1,0
1,1,0
3,1,0
1,1,0
7,1,0
7,1,0
6,1,0
6,1,0
5,1,0
1,1,0
2,1,0
1,1,0
13,1,0
3,1,0
8,1,0
2,1,0
1,1,0
4,1,0
6,1,0
5,1,0
1,1,0
2,1,0
4,1,0
1,1,0
2,1,0
1,1,0
3,1,0
1,1,0
2,1,0
3,1,0
1,1,0
3,1,0
3,1,0
8,1,0
7,1,0
3,1,0
10,1,0
5,1,0
2,1,0
6,1,0
6,1,0
1,1,0
5,1,0
3,1,0
2,1,0
3,1,0
5,1,0
1,1,0
11,1,0
3,1,0
6,1,0
15,1,0
2,1,0
7,1,0
7,1,0
6,1,0
7,1,0
2,1,0
3,1,0
2,1,0
1,1,0
3,1,0
1,1,0
2,1,0
2,1,0
6,1,0
6,1,0
5,1,0
3,1,0
2,1,0
3,1,0
3,1,0
2,1,0
4,1,0
4,1,0
3,1,0
1,1,0
1,1,0
3,1,0
4,1,0
3,1,0
5,1,0
6,1,0
4,1,0
1,1,0
1,1,0
3,1,0
2,1,0
5,1,0
1,1,0
3,1,0
3,1,0
10,2,0
1,1,0
2,1,0
2,1,0
4,1,0
6,1,0
6,1,0
3,1,0
1,1,0
7,1,0
1,1,0
5,1,0
5,1,0
3,1,0
1,1,0
4,1,0
1,1,0
4,1,0
1,1,0
3,1,0
1,1,0
1,1,0
5,1,0
1,1,0
4,1,0
1,1,0
3,1,0
6,1,0
3,1,0
4,1,0
3,1,0
2,1,0
4,1,0
3,1,0
7,1,0
1,1,0
1,1,0
3,1,0
6,1,0
5,1,0
3,1,0
6,1,0
3,1,0
3,1,0
4,1,0
2,1,0
1,1,0
9,1,0
4,1,0
1,1,0
3,1,0
5,1,0
3,1,0
5,1,0
1,1,0
5,1,0
3,1,0
1,1,0
1,1,0
1,1,0
3,1,0
1,1,0
1,1,0
1,1,0
5,1,0
2,1,0
7,1,0
1,1,0
7,1,0
4,1,0
5,1,0
3,1,0
1,1,0
1,1,0
3,1,0
5,1,0
5,1,0
4,1,0
1,1,0
5,1,0
1,1,0
1,1,0
1,1,0
1,1,0
1,1,0
3,1,0
1,1,0
3,1,0
1,1,0
1,1,0
2,1,0
1,1,0
1,1,0
3,1,0
3,1,0
1,1,0
3,1,0
5,1,0
6,1,0
3,1,0
1,1,0
1,1,0
3,1,0
2,1,0
1,1,0
3,1,0
2,1,0
4,1,0
1,1,0
3,1,0
2,1,0
1,1,0
3,1,0
1,1,0
1,1,0
3,1,0
4,1,0
1,1,0
1,1,0
1,1,0
2,1,0
4,1,0
1,1,0
3,1,0
3,1,0
1,1,0
2,1,0
1,1,0
1,1,0
4,1,0
2,1,0
6,1,0
3,1,0
1,1,0
5,1,0
2,1,0
1,1,0
2,1,0
2,1,0
1,1,0
1,1,0
2,1,0
1,1,0
1,1,0
1,1,0
2,1,0
2,1,0
1,1,0
2,1,0
2,1,0
2,1,0
2,1,0
3,1,0
4,1,0
4,1,0
2,1,0
2,1,0
2,1,0
9,1,0
6,1,0
2,1,0
2,1,0
4,1,0
5,1,0
2,1,0
2,1,0
2,1,0
2,1,0
6,1,0
2,1,0
8,2,0
4,1,0
2,1,0
2,1,0
2,1,0
2,1,0
2,1,0
3,1,0
3,1,0
5,1,0
1,1,0
2,1,0
6,1,0
2,1,0
9,1,0
3,1,0
4,1,0
3,1,0
3,1,0
3,1,0
4,1,0
5,1,0
2,1,0
5,1,0
3,1,0
6,1,0
3,1,0
4,1,0
11,1,0
15,1,0
2,1,0
7,1,0
18,1,0
5,1,0
2,1,0
4,1,0
2,1,0
6,1,0
4,1,0
2,1,0
5,1,0
17,1,0
5,1,0
12,1,0
13,1,0
10,1,0
4,1,0
4,1,0
4,1,0
2,1,0
7,1,0
2,1,0
10,1,0
2,1,0
1,1,0
3,1,0
3,1,0
2,1,0
2,1,0
3,1,0
3,1,0
2,1,0
2,1,0
1,1,0
3,1,0
2,1,0
3,1,0
2,1,0
1,1,0
3,1,0
2,1,0
8,1,0
3,1,0
2,1,0
3,1,0
1,1,0
2,1,0
3,1,0
2,1,0
6,1,0
3,1,0
3,1,0
1,1,0
4,1,0
2,1,0
3,1,0
2,1,0
2,1,0
5,1,0
2,1,0
3,1,0
8,1,0
4,1,0
2,1,0
4,1,0
2,1,0
5,1,0
2,1,0
2,1,0
9,1,0
4,1,0
2,1,0
3,1,0
2,1,0
1,1,0
1,1,0
3,1,0
3,1,0
3,1,0
5,1,0
4,1,0
4,2,0
2,1,0
2,1,0
1,1,0
3,1,0
2,1,0
4,1,0
3,1,0
2,1,0
1,1,0
3,1,0
2,1,0
2,1,0
3,1,0
2,1,0
2,1,0
2,1,0
1,1,0
6,1,0
2,1,0
4,1,0
3,1,0
2,1,0
1,1,0
3,1,0
3,1,0
2,1,0
1,1,0
3,1,0
4,1,0
3,1,0
3,1,0
2,1,0
2,1,0
6,1,0
2,1,0
2,1,0
4,1,0
3,1,0
1,1,0
1,1,0
9,1,0
7,1,0
2,1,0
3,1,0
2,1,0
2,1,0
1,1,0
2,1,0
1,1,0
2,1,0
3,1,0
3,1,0
2,1,0
2,1,0
2,1,0
8,1,0
2,1,0
6,1,0
2,1,0
7,1,0
3,1,0
2,1,0
5,1,0
3,1,0
2,1,0
3,1,0
3,1,0
2,1,0
2,1,0
2,1,0
3,1,0
2,1,0
3,1,0
3,1,0
2,1,0
2,1,0
2,1,0
2,1,0
5,1,0
1,1,0
1,1,0
2,1,0
2,1,0
3,1,0
3,1,0
1,1,0
5,1,0
6,1,0
3,1,0
3,1,0
3,1,0
4,1,0
1,1,0
2,1,0
2,1,0
2,1,0
3,1,0
3,1,0
2,1,0
3,1,0
3,1,0
3,1,0
2,1,0
6,1,0
2,1,0
1,1,0
3,1,0
10,1,0
1,1,0
3,1,0
6,2,0
4,1,0
1,1,0
21,2,0
2,1,0
10,1,0
9,1,0
5,1,0
7,2,0
8,1,0
2,1,0
3,1,0
2,1,0
3,1,0
2,1,0
9,1,0
2,1,0
6,1,0
13,1,0
5,1,0
3,1,0
1,1,0
4,1,0
3,1,0
11,1,0
3,2,0
2,1,0
1,1,0
13,1,0
5,1,0
3,1,0
3,1,0
1,1,0
5,1,0
8,1,0
1,1,0
4,1,0
1,1,0
1,1,0
4,2,0
6,1,0
8,2,0
2,1,0
11,1,0
1,1,0
1,1,0
5,1,0
12,1,0
2,1,0
6,2,0
3,1,0
3,1,0
13,1,0
2,1,0
5,1,0
14,1,0
2,1,0
2,1,0
5,1,0
3,1,0
8,1,0
5,1,0
3,1,0
10,1,0
3,1,0
13,2,0
3,1,0
3,1,0
1,1,0
3,1,0
15,2,0
8,1,0
10,1,0
11,1,0
2,1,0
5,2,0
1,1,0
13,1,0
6,1,0
7,1,0
3,1,0
2,1,0
1,1,0
8,1,0
3,1,0
6,2,0
1,1,0
8,2,0
17,2,0
5,1,0
1,1,0
4,1,0
5,1,0
3,1,0
11,1,0
8,1,0
5,1,0
9,1,0
5,1,0
5,1,0
5,1,0
11,1,0
3,1,0
3,1,0
8,2,0
6,1,0
5,1,0
3,1,0
12,2,0
2,1,0
2,1,0
2,1,0
3,1,0
2,1,0
4,1,0
1,1,0
4,1,0
10,1,0
2,1,0
1,1,0
4,1,0
13,1,0
3,1,0
3,1,0
6,2,0
1,1,0
9,2,0
13,2,0
4,1,0
1,1,0
7,1,0
13,1,0
8,1,0
3,1,0
3,1,0
6,1,0
3,2,0
5,1,0
12,1,0
3,1,0
1,1,0
4,1,0
5,1,0
4,1,0
7,2,0
6,2,0
3,1,0
4,1,0
1,1,0
4,1,0
2,1,0
4,1,0
14,1,0
6,1,0
3,1,0
5,1,0
9,1,0
9,1,0
8,1,0
7,1,0
1,1,0
1,1,0
1,1,0
1,1,0
6,1,0
1,1,0
13,1,0
13,1,0
7,1,0
3,1,0
4,1,0
3,1,0
5,1,0
4,1,0
14,1,0
6,1,0
18,1,0
3,1,0
1,1,0
1,1,0
3,1,0
4,1,0
4,1,0
4,1,0
4,1,0
7,1,0
3,1,0
16,1,0
4,2,0
5,1,0
4,1,0
5,2,0
3,1,0
4,1,0
1,1,0
3,1,0
12,1,0
3,1,0
4,1,0
3,1,0
9,1,0
3,1,0
3,2,0
1,1,0
5,1,0
4,1,0
11,1,0
7,1,0
1,1,0
2,1,0
2,1,0
2,1,0
2,1,0
2,1,0
2,1,0
2,1,0
2,1,0
3,1,0
7,1,0
4,1,0
4,1,0
2,1,0
4,1,0
14,1,0
3,2,0
11,1,0
9,1,0
6,1,0
2,1,0
9,1,0
5,1,0
3,1,0
4,1,0
4,1,0
6,1,0
4,1,0
6,1,0
7,1,0
6,1,0
2,1,0
8,1,0
2,1,0
2,1,0
2,1,0
11,1,0
7,1,0
5,1,0
5,1,0
4,1,0
4,1,0
4,1,0
9,1,0
2,1,0
2,1,0
2,1,0
7,1,0
4,1,0
4,1,0
7,1,0
2,1,0
6,1,0
4,1,0
5,1,0
4,1,0
2,1,0
4,1,0
6,1,0
4,1,0
3,1,0
5,1,0
4,1,0
3,1,0
5,1,0
6,1,0
4,1,0
1,1,0
2,1,0
7,1,0
3,1,0
4,1,0
4,1,0
2,1,0
6,1,0
3,1,0
8,1,0
2,1,0
4,1,0
2,1,0
6,1,0
5,1,0
5,1,0
5,1,0
2,1,0
6,1,0
2,1,0
4,1,0
4,1,0
3,1,0
2,1,0
2,1,0
6,1,0
9,2,0
9,1,0
4,1,0
2,1,0
12,1,0
11,1,0
14,1,0
5,1,0
4,1,0
8,1,0
9,2,0
6,1,0
5,1,0
3,1,0
5,1,0
3,1,0
4,1,0
2,1,0
8,1,0
2,1,0
5,1,0
3,1,0
2,1,0
7,1,0
7,1,0
3,1,0
4,1,0
2,1,0
17,1,0
4,1,0
3,1,0
2,1,0
3,1,0
2,1,0
2,1,0
2,1,0
2,2,0
7,2,0
2,1,0
3,1,0
3,1,0
2,1,0
5,1,0
4,1,0
4,1,0
2,1,0
4,1,0
7,1,0
5,1,0
3,1,0
2,1,0
12,2,0
3,1,0
4,1,0
8,2,0
6,1,0
7,1,0
2,1,0
5,1,0
3,1,0
5,2,0
5,1,0
2,1,0
2,1,0
4,1,0
5,1,0
15,1,0
5,1,0
4,1,0
3,1,0
2,1,0
4,1,0
5,1,0
7,1,0
2,1,0
5,1,0
7,1,0
3,1,0
2,1,0
4,1,0
12,1,0
4,1,0
2,1,0
3,1,0
11,2,0
3,1,0
5,1,0
2,1,0
2,1,0
6,1,0
34,1,0
2,1,0
2,1,0
2,1,0
2,1,0
2,1,0
1,1,0
6,1,0
3,1,0
8,1,0
1,1,0
2,1,0
12,1,0
14,2,0
2,1,0
6,1,0
2,1,0
9,1,0
4,1,0
5,1,0
2,1,0
4,1,0
5,1,0
3,1,0
3,1,0
2,1,0
3,1,0
4,1,0
3,1,0
4,1,0
1,1,0
4,1,0
3,1,0
4,1,0
5,1,0
3,1,0
2,1,0
3,1,0
3,1,0
7,2,0
4,1,0
2,1,0
2,1,0
1,1,0
1,1,0
4,1,0
2,1,0
8,1,0
1,1,0
1,1,0
5,1,0
6,1,0
2,1,0
5,1,0
4,1,0
2,1,0
3,1,0
3,1,0
2,1,0
1,1,0
2,1,0
6,1,0
1,1,0
3,1,0
1,1,0
1,1,0
3,1,0
5,2,0
1,1,0
2,1,0
5,2,0
4,1,0
2,1,0
6,1,0
2,1,0
2,1,0
2,1,0
3,1,0
4,1,0
1,1,0
1,1,0
4,1,0
2,1,0
2,1,0
7,2,0
3,1,0
6,2,0
4,1,0
6,1,0
4,1,0
3,1,0
4,1,0
11,1,0
1,1,0
10,2,0
4,1,0
1,1,0
1,1,0
3,1,0
5,1,0
3,1,0
5,1,0
2,1,0
2,1,0
1,1,0
3,1,0
2,1,0
4,1,0
1,1,0
3,1,0
5,2,0
4,1,0
13,1,0
1,1,0
3,2,0
3,1,0
5,1,0
2,1,0
3,1,0
2,1,0
5,1,0
1,1,0
7,1,0
3,1,0
2,1,0
2,1,0
2,1,0
3,1,0
8,1,0
2,1,0
4,1,0
4,1,0
1,1,0
1,1,0
4,1,0
3,1,0
1,1,0
2,1,0
5,1,0
1,1,0
1,1,0
3,2,0
4,1,0
3,1,0
8,1,0
3,1,0
2,1,0
2,1,0
2,1,0
5,1,0
3,1,0
2,1,0
2,1,0
4,1,0
8,1,0
2,1,0
6,1,0
5,1,0
4,1,0
1,1,0
1,1,0
3,1,0
2,1,0
9,1,0
7,1,0
2,1,0
7,1,0
6,1,0
3,1,0
2,1,0
1,1,0
3,1,0
3,1,0
4,1,0
2,1,0
4,1,0
4,1,0
2,1,0
4,1,0
5,1,0
9,1,0
6,1,0
4,1,0
2,1,0
2,1,0
2,1,0
3,1,0
2,1,0
2,1,0
2,1,0
3,1,0
12,2,0
4,1,0
8,1,0
4,1,0
2,1,0
4,1,0
2,1,0
4,1,0
4,1,0
3,1,0
3,1,0
4,1,0
3,1,0
3,1,0
2,1,0
6,1,0
3,1,0
4,1,0
2,1,0
1,1,0
2,1,0
2,2,0
3,1,0
2,1,0
2,1,0
3,1,0
3,1,0
2,1,0
5,1,0
2,1,0
3,1,0
3,1,0
14,1,0
4,1,0
5,1,0
3,1,0
6,1,0
1,1,0
5,1,0
4,1,0
3,1,0
4,1,0
2,1,0
3,1,0
5,1,0
3,1,0
5,1,0
7,1,0
7,1,0
3,1,0
3,1,0
8,1,0
5,2,0
5,1,0
1,1,0
4,1,0
1,1,0
6,1,0
11,1,0
1,1,0
3,1,0
7,1,0
3,1,0
4,1,0
11,1,0
9,1,0
2,1,0
5,1,0
3,1,0
1,1,0
1,1,0
10,1,0
3,1,0
8,1,0
3,1,0
4,1,0
3,1,0
2,1,0
5,1,0
1,1,0
5,1,0
6,1,0
10,1,0
3,1,0
3,1,0
6,1,0
3,1,0
10,1,0
3,1,0
3,1,0
4,1,0
4,1,0
1,1,0
1,1,0
3,1,0
4,1,0
3,1,0
4,1,0
5,1,0
10,1,0
1,1,0
6,1,0
5,1,0
1,1,0
7,1,0
4,1,0
4,1,0
3,1,0
1,1,0
6,1,0
6,1,0
6,1,0
3,1,0
4,1,0
3,1,0
1,1,0
1,1,0
3,1,0
5,1,0
9,1,0
4,1,0
4,1,0
8,1,0
1,1,0
3,1,0
5,1,0
1,1,0
1,1,0
7,1,0
1,1,0
10,1,0
3,1,0
2,1,0
2,1,0
1,1,0
1,1,0
2,1,0
1,1,0
4,1,0
3,1,0
2,1,0
6,1,0
3,1,0
1,1,0
6,1,0
3,1,0
1,1,0
2,1,0
7,1,0
3,1,0
8,1,0
2,1,0
4,1,0
2,1,0
2,1,0
7,1,0
4,1,0
1,1,0
5,1,0
1,1,0
1,1,0
5,1,0
2,1,0
1,1,0
3,1,0
3,1,0
3,1,0
1,1,0
6,1,0
5,1,0
10,1,0
2,1,0
3,1,0
3,1,0
3,1,0
1,1,0
7,1,0
1,1,0
6,1,0
2,1,0
1,1,0
1,1,0
4,1,0
3,1,0
8,1,0
2,1,0
3,1,0
5,1,0
1,1,0
3,1,0
3,1,0
3,1,0
3,1,0
5,1,0
3,1,0
3,1,0
3,1,0
5,1,0
8,1,0
3,1,0
6,1,0
1,1,0
9,1,0
5,1,0
3,1,0
1,1,0
9,1,0
5,1,0
3,1,0
3,1,0
6,2,0
9,1,0
4,2,0
5,1,0
14,3,0
3,2,0
20,1,0
2,1,0
8,1,0
5,2,0
7,1,0
5,1,0
10,2,0
6,1,0
11,1,0
8,1,0
11,1,0
11,1,0
6,2,0
12,1,0
1,1,0
10,1,0
7,2,0
8,2,0
4,1,0
7,1,0
2,1,0
8,1,0
5,1,0
11,2,0
7,1,0
4,1,0
9,1,0
29,1,0
2,1,0
11,2,0
3,1,0
4,2,0
1,1,0
4,1,0
5,1,0
8,2,0
9,1,0
11,2,0
7,2,0
7,2,0
3,1,0
11,1,0
4,1,0
7,1,0
9,1,0
6,1,0
8,1,0
4,1,0
6,1,0
3,1,0
4,1,0
8,2,0
3,2,0
3,1,0
1,1,0
1,1,0
8,1,0
5,1,0
3,1,0
8,2,0
6,1,0
13,1,0
6,1,0
12,1,0
2,1,0
3,1,0
7,2,0
2,1,0
5,2,0
20,2,0
7,1,0
9,2,0
6,1,0
6,1,0
6,2,0
6,1,0
8,1,0
10,2,0
6,1,0
7,1,0
13,2,0
4,1,0
9,1,0
4,1,0
9,2,0
5,1,0
4,2,0
12,1,0
8,1,0
3,1,0
21,2,0
9,2,0
7,1,0
9,1,0
5,1,0
3,1,0
7,2,0
11,2,0
6,2,0
3,1,0
15,2,0
5,2,0
10,2,0
6,2,0
3,1,0
10,1,0
8,2,0
6,1,0
7,2,0
6,2,0
2,1,0
6,1,0
3,1,0
3,1,0
4,1,0
7,2,0
9,2,0
7,1,0
3,1,0
9,2,0
11,1,0
3,1,0
3,2,0
12,2,0
7,1,0
4,1,0
3,1,0
8,1,0
3,1,0
16,2,0
4,1,0
3,1,0
3,1,0
3,1,0
4,1,0
7,1,0
10,3,0
9,1,0
9,2,0
8,1,0
11,1,0
7,1,0
11,2,0
4,1,0
1,1,0
2,1,0
15,2,0
4,1,0
7,1,0
10,2,0
30,1,0
7,1,0
6,2,0
5,1,0
5,2,0
6,1,0
6,2,0
8,2,0
21,1,0
5,1,0
11,3,0
8,2,0
4,2,0
2,1,0
10,1,0
7,2,0
5,2,0
12,2,0
6,1,0
6,2,0
3,1,0
4,1,0
3,1,0
6,1,0
14,2,0
8,1,0
9,2,0
17,1,0
12,1,0
6,1,0
9,1,0
8,1,0
7,1,0
3,1,0
4,2,0
4,1,0
12,1,0
7,1,0
2,1,0
3,2,0
24,1,0
13,1,0
6,1,0
1,1,0
9,2,0
10,1,0
4,1,0
3,1,0
5,2,0
6,1,0
7,1,0
34,3,0
30,2,0
9,2,0
19,1,0
8,1,0
9,1,0
11,2,0
10,2,0
4,1,0
5,2,0
14,1,0
8,2,0
4,1,0
10,3,0
5,2,0
6,1,0
4,1,0
5,1,0
3,2,0
5,1,0
8,1,0
14,1,0
3,1,0
2,1,0
7,1,0
12,1,0
6,1,0
4,1,0
9,1,0
6,1,0
3,1,0
6,1,0
8,1,0
5,1,0
7,1,0
4,1,0
11,1,0
5,1,0
3,1,0
6,1,0
5,1,0
5,1,0
9,1,0
1,1,0
2,1,0
1,1,0
1,1,0
1,1,0
2,1,0
3,1,0
2,1,0
5,1,0
1,1,0
4,1,0
3,1,0
3,1,0
1,1,0
1,1,0
1,1,0
3,1,0
7,1,0
3,1,0
1,1,0
1,1,0
1,1,0
2,1,0
1,1,0
1,1,0
1,1,0
3,1,0
3,1,0
1,1,0
3,1,0
2,1,0
3,1,0
3,1,0
1,1,0
3,1,0
1,1,0
2,1,0
3,1,0
3,1,0
1,1,0
2,1,0
1,1,0
7,1,0
2,1,0
3,1,0
1,1,0
1,1,0
1,1,0
4,1,0
1,1,0
3,1,0
1,1,0
3,1,0
2,1,0
6,1,0
2,1,0
4,1,0
2,1,0
3,1,0
7,1,0
4,1,0
2,1,0
1,1,0
2,1,0
8,1,0
2,1,0
3,1,0
2,1,0
4,1,0
5,1,0
2,1,0
1,1,0
10,1,0
3,1,0
1,1,0
2,1,0
3,1,0
4,1,0
7,1,0
1,1,0
6,2,0
2,1,0
11,1,0
2,1,0
5,1,0
3,1,0
3,1,0
2,1,0
3,1,0
2,1,0
4,1,0
2,1,0
2,1,0
2,1,0
2,1,0
2,1,0
3,1,0
10,1,0
4,1,0
3,1,0
1,1,0
3,1,0
2,1,0
1,1,0
5,1,0
3,1,0
3,1,0
2,1,0
9,1,0
10,1,0
21,2,0
4,1,0
2,1,0
2,1,0
3,1,0
2,1,0
2,1,0
2,1,0
2,1,0
28,1,0
2,1,0
2,1,0
6,2,0
2,1,0
6,2,0
2,1,0
2,1,0
3,1,0
2,1,0
12,3,0
2,1,0
6,1,0
2,1,0
11,2,0
7,2,0
3,1,0
6,2,0
2,1,0
2,1,0
11,2,0
2,1,0
3,1,0
2,1,0
2,1,0
2,1,0
6,1,0
8,1,0
2,1,0
11,2,0
2,1,0
2,1,0
11,3,0
4,1,0
2,1,0
7,2,0
4,1,0
5,1,0
2,1,0
2,1,0
1,1,0
2,1,0
4,1,0
6,1,0
2,1,0
9,1,0
9,1,0
2,1,0
6,1,0
2,1,0
7,1,0
2,2,0
3,1,0
2,1,0
2,1,0
5,1,0
5,1,0
5,1,0
2,1,0
1,1,0
2,1,0
2,1,0
3,1,0
15,1,0
6,1,0
5,1,0
6,1,0
3,1,0
6,1,0
6,1,0
4,1,0
5,1,0
6,1,0
5,1,0
7,1,0
4,1,0
5,1,0
12,1,0
2,1,0
6,1,0
4,1,0
4,1,0
5,1,0
4,1,0
3,1,0
2,1,0
2,1,0
2,1,0
3,1,0
2,1,0
4,1,0
2,1,0
3,1,0
2,1,0
3,1,0
4,1,0
2,1,0
2,1,0
2,1,0
4,1,0
5,1,0
6,1,0
5,1,0
3,1,0
4,1,0
2,1,0
1,1,0
2,1,0
5,1,0
4,1,0
4,1,0
4,1,0
4,1,0
2,1,0
5,1,0
2,1,0
1,1,0
3,1,0
2,1,0
2,1,0
8,1,0
4,1,0
2,1,0
2,1,0
3,1,0
2,1,0
3,1,0
2,1,0
2,1,0
2,1,0
5,2,0
2,1,0
4,1,0
2,1,0
6,1,0
14,2,0
6,1,0
11,1,0
2,1,0
3,1,0
2,1,0
3,1,0
3,1,0
3,1,0
2,1,0
2,1,0
2,1,0
1,1,0
2,1,0
8,1,0
2,1,0
1,1,0
3,1,0
2,1,0
2,1,0
2,1,0
10,1,0
3,1,0
3,1,0
3,1,0
3,1,0
3,1,0
1,1,0
1,1,0
5,1,0
3,1,0
5,1,0
1,1,0
7,1,0
4,1,0
2,1,0
3,1,0
1,1,0
3,1,0
5,1,0
7,1,0
2,1,0
3,1,0
1,1,0
7,1,0
3,1,0
3,1,0
1,1,0
2,1,0
1,1,0
2,1,0
3,1,0
3,1,0
3,1,0
5,1,0
1,1,0
1,1,0
1,1,0
3,1,0
6,1,0
8,1,0
1,1,0
1,1,0
7,1,0
3,1,0
4,1,0
2,1,0
2,1,0
2,1,0
3,2,0
2,1,0
3,1,0
2,1,0
2,1,0
5,1,0
3,1,0
1,1,0
7,1,0
5,1,0
10,1,0
5,1,0
4,1,0
6,1,0
1,1,0
6,1,0
11,1,0
19,1,0
6,1,0
38,1,0
4,1,0
9,1,0
4,1,0
22,1,0
6,1,0
3,1,0
4,1,0
5,1,0
5,1,0
2,1,0
1,1,0
4,1,0
2,1,0
6,1,0
12,1,0
9,1,0
3,1,0
4,1,0
2,1,0
6,1,0
8,1,0
2,1,0
10,1,0
3,1,0
15,1,0
16,1,0
11,1,0
12,1,0
19,1,0
10,1,0
18,1,0
2,1,0
8,1,0
6,1,0
7,1,0
2,1,0
2,1,0
2,1,0
2,1,0
1,1,0
2,1,0
2,1,0
4,1,0
4,1,0
2,1,0
2,1,0
5,1,0
3,1,0
2,1,0
4,1,0
2,1,0
2,1,0
2,2,0
3,1,0
1,1,0
2,1,0
3,1,0
1,1,0
10,1,0
8,1,0
4,1,0
3,1,0
2,1,0
2,1,0
3,2,0
3,1,0
2,1,0
3,1,0
2,1,0
3,1,0
3,1,0
2,1,0
4,1,0
1,1,0
5,1,0
2,1,0
2,1,0
3,1,0
2,1,0
2,1,0
2,1,0
1,1,0
3,1,0
2,1,0
6,1,0
5,1,0
1,1,0
3,1,0
2,1,0
8,1,0
8,2,0
2,1,0
3,1,0
3,1,0
2,1,0
3,1,0
2,1,0
4,1,0
4,1,0
3,1,0
1,1,0
2,1,0
2,1,0
2,1,0
4,2,0
4,1,0
2,1,0
7,1,0
2,1,0
2,1,0
2,1,0
4,2,0
2,1,0
7,1,0
2,1,0
2,1,0
4,1,0
4,1,0
6,1,0
3,1,0
1,1,0
6,1,0
2,1,0
4,2,0
3,1,0
1,1,0
3,1,0
3,1,0
4,1,0
2,1,0
2,1,0
3,1,0
2,1,0
5,1,0
14,1,0
4,1,0
2,1,0
2,1,0
7,1,0
4,1,0
7,2,0
1,1,0
2,1,0
2,1,0
2,1,0
6,1,0
3,1,0
2,1,0
1,1,0
3,1,0
1,1,0
3,1,0
1,1,0
1,1,0
2,1,0
1,1,0
1,1,0
3,1,0
5,1,0
3,1,0
5,1,0
2,1,0
2,1,0
3,1,0
10,1,0
3,1,0
5,1,0
3,2,0
6,1,0
2,1,0
3,1,0
3,1,0
2,1,0
2,1,0
1,1,0
2,1,0
4,1,0
5,1,0
2,1,0
2,1,0
1,1,0
3,1,0
3,1,0
1,1,0
2,1,0
2,1,0
1,1,0
3,1,0
2,1,0
2,1,0
6,1,0
5,1,0
2,1,0
2,1,0
2,1,0
2,1,0
2,1,0
1,1,0
3,1,0
5,1,0
4,1,0
3,1,0
4,1,0
4,1,0
5,2,0
3,1,0
2,1,0
2,1,0
3,1,0
2,1,0
2,1,0
2,1,0
1,1,0
5,1,0
9,1,0
3,1,0
2,1,0
5,1,0
3,1,0
2,1,0
2,1,0
2,1,0
4,1,0
4,1,0
1,1,0
1,1,0
4,1,0
7,1,0
3,1,0
4,1,0
2,1,0
3,1,0
4,1,0
1,1,0
3,1,0
3,1,0
4,1,0
3,1,0
2,1,0
2,1,0
2,1,0
3,1,0
3,1,0
2,1,0
2,1,0
2,1,0
2,1,0
5,1,0
4,2,0
1,1,0
2,1,0
14,1,0
3,1,0
3,1,0
3,1,0
5,1,0
4,1,0
3,1,0
3,1,0
2,1,0
2,1,0
1,1,0
3,1,0
2,1,0
16,1,0
4,2,0
5,1,0
4,1,0
1,1,0
2,1,0
2,1,0
5,1,0
4,1,0
3,1,0
3,1,0
1,1,0
2,1,0
1,1,0
1,1,0
2,1,0
5,1,0
2,1,0
2,1,0
3,1,0
4,1,0
1,1,0
1,1,0
1,1,0
1,1,0
1,1,0
5,1,0
1,1,0
3,1,0
2,1,0
3,1,0
1,1,0
1,1,0
4,1,0
1,1,0
1,1,0
3,1,0
3,1,0
1,1,0
1,1,0
3,1,0
1,1,0
1,1,0
9,1,0
1,1,0
1,1,0
5,1,0
1,1,0
1,1,0
4,1,0
3,1,0
1,1,0
1,1,0
7,1,0
1,1,0
5,1,0
2,1,0
4,1,0
1,1,0
1,1,0
1,1,0
1,1,0
3,1,0
1,1,0
1,1,0
4,1,0
7,1,0
2,1,0
2,1,0
6,1,0
3,1,0
1,1,0
1,1,0
3,1,0
3,1,0
3,1,0
3,1,0
1,1,0
3,1,0
3,1,0
4,1,0
5,1,0
1,1,0
3,1,0
2,1,0
1,1,0
3,1,0
1,1,0
5,1,0
1,1,0
1,1,0
1,1,0
5,1,0
3,1,0
1,1,0
3,1,0
3,1,0
3,1,0
3,1,0
1,1,0
1,1,0
1,1,0
6,1,0
1,1,0
5,1,0
5,1,0
1,1,0
6,1,0
5,1,0
12,1,0
1,1,0
1,1,0
1,1,0
1,1,0
6,1,0
1,1,0
5,1,0
1,1,0
1,1,0
1,1,0
3,1,0
2,1,0
1,1,0
5,1,0
3,1,0
1,1,0
3,1,0
6,1,0
6,1,0
6,1,0
7,1,0
1,1,0
1,1,0
5,1,0
3,1,0
1,1,0
3,1,0
5,1,0
3,1,0
1,1,0
3,1,0
3,1,0
5,1,0
6,1,0
6,1,0
1,1,0
3,1,0
3,1,0
4,1,0
3,1,0
3,1,0
1,1,0
3,1,0
1,1,0
1,1,0
2,1,0
1,1,0
1,1,0
2,1,0
5,1,0
3,1,0
1,1,0
1,1,0
3,1,0
3,1,0
3,1,0
2,1,0
1,1,0
1,1,0
1,1,0
1,1,0
1,1,0
5,1,0
1,1,0
7,1,0
1,1,0
5,1,0
3,1,0
5,1,0
3,1,0
3,1,0
1,1,0
3,1,0
2,1,0
3,1,0
1,1,0
1,1,0
1,1,0
5,1,0
1,1,0
6,1,0
1,1,0
5,1,0
3,1,0
4,1,0
3,1,0
2,1,0
1,1,0
3,1,0
1,1,0
3,1,0
1,1,0
1,1,0
3,1,0
1,1,0
2,1,0
1,1,0
1,1,0
2,1,0
2,1,0
3,1,0
3,1,0
5,1,0
3,1,0
2,1,0
4,1,0
1,1,0
1,1,0
1,1,0
3,1,0
1,1,0
1,1,0
8,1,0
1,1,0
4,1,0
3,1,0
4,1,0
9,1,0
6,1,0
4,1,0
2,1,0
8,1,0
2,1,0
3,1,0
5,1,0
5,1,0
4,1,0
2,1,0
2,1,0
5,1,0
4,1,0
8,1,0
6,1,0
9,1,0
2,1,0
2,1,0
10,1,0
4,1,0
2,1,0
15,1,0
4,1,0
3,1,0
3,1,0
3,1,0
3,1,0
3,1,0
4,1,0
4,1,0
3,1,0
7,1,0
3,1,0
3,1,0
5,1,0
2,1,0
2,1,0
2,1,0
1,1,0
4,1,0
4,1,0
3,1,0
2,1,0
4,1,0
2,1,0
3,1,0
6,1,0
3,1,0
6,1,0
5,2,0
4,1,0
4,1,0
3,1,0
8,1,0
4,1,0
5,1,0
3,1,0
7,2,0
5,1,0
5,2,0
13,1,0
3,1,0
2,1,0
4,1,0
5,1,0
3,1,0
3,1,0
4,1,0
4,1,0
6,1,0
3,1,0
8,1,0
5,1,0
2,1,0
11,1,0
2,1,0
2,1,0
9,1,0
2,1,0
3,1,0
5,1,0
3,1,0
4,1,0
2,1,0
2,1,0
7,1,0
9,1,0
4,1,0
5,1,0
4,1,0
8,1,0
7,1,0
4,2,0
3,1,0
3,1,0
5,1,0
12,1,0
4,1,0
7,1,0
6,1,0
6,1,0
1,1,0
5,1,0
5,1,0
3,1,0
4,1,0
6,1,0
5,1,0
2,1,0
1,1,0
2,1,0
3,1,0
9,1,0
2,1,0
5,1,0
11,1,0
3,1,0
7,1,0
4,1,0
2,1,0
4,1,0
3,1,0
5,1,0
4,1,0
11,1,0
2,1,0
7,1,0
6,1,0
6,1,0
2,2,0
2,2,0
6,1,0
5,1,0
6,1,0
1,1,0
1,1,0
1,1,0
1,1,0
1,1,0
1,1,0
1,1,0
1,1,0
3,1,0
1,1,0
3,1,0
1,1,0
1,1,0
5,1,0
1,1,0
1,1,0
1,1,0
3,1,0
1,1,0
1,1,0
1,1,0
3,1,0
1,1,0
1,1,0
8,1,0
3,1,0
1,1,0
1,1,0
3,1,0
1,1,0
1,1,0
1,1,0
1,1,0
1,1,0
1,1,0
1,1,0
1,1,0
3,1,0
1,1,0
1,1,0
3,1,0
1,1,0
2,1,0
1,1,0
1,1,0
1,1,0
1,1,0
2,1,0
1,1,0
4,1,0
1,1,0
3,1,0
1,1,0
1,1,0
1,1,0
1,1,0
5,1,0
10,1,0
5,1,0
1,1,0
2,1,0
3,1,0
3,1,0
2,1,0
1,1,0
4,1,0
1,1,0
1,1,0
2,1,0
2,1,0
3,1,0
2,1,0
2,1,0
2,1,0
4,1,0
2,1,0
2,1,0
3,1,0
5,1,0
2,1,0
5,1,0
2,1,0
2,1,0
2,1,0
2,1,0
2,1,0
2,1,0
2,1,0
1,1,0
4,1,0
3,1,0
1,1,0
2,1,0
2,1,0
5,1,0
4,1,0
5,1,0
5,1,0
3,1,0
1,1,0
4,1,0
2,1,0
3,1,0
2,1,0
3,1,0
1,1,0
4,1,0
2,1,0
8,1,0
3,1,0
2,1,0
2,1,0
4,1,0
3,1,0
3,1,0
2,1,0
2,1,0
6,1,0
2,1,0
2,1,0
5,1,0
2,1,0
1,1,0
4,1,0
