user_id,item_di,behavior_type,user_geohash,item_category,time,dt,hr
100014756,35368802,1,96ndj45,11279,2014-12-17 08,2014/12/17,8
100268421,284019855,1,95ridd7,1863,2014-12-18 19,2014/12/18,19
105181314,57474847,1,,732,2014-12-17 19,2014/12/17,19
100268421,28417300,1,95ridoe,1863,2014-12-17 18,2014/12/17,18
100268421,403943892,1,95ridow,1863,2014-12-17 18,2014/12/17,18
100268421,261294338,1,95ridlk,1863,2014-12-17 18,2014/12/17,18
100268421,128004678,1,95ridkb,1863,2014-12-17 18,2014/12/17,18
100268421,403943892,3,95ridd9,1863,2014-12-17 17,2014/12/17,17
100268421,129140949,1,95ride0,1863,2014-12-17 17,2014/12/17,17
100699909,340217060,1,,7440,2014-12-17 13,2014/12/17,13
100268421,129140949,1,95ridod,1863,2014-12-17 17,2014/12/17,17
100699909,1897355,1,,7440,2014-12-17 13,2014/12/17,13
100268421,270323190,1,95ridd9,1863,2014-12-17 18,2014/12/17,18
100268421,335753478,1,95rida3,1863,2014-12-17 18,2014/12/17,18
100268421,130105308,1,95rides,1863,2014-12-17 18,2014/12/17,18
100268421,401343806,1,95ridon,1863,2014-12-17 17,2014/12/17,17
109802727,56489946,1,,8291,2014-12-18 10,2014/12/18,10
100268421,136637383,1,95ridkf,1863,2014-12-17 18,2014/12/17,18
100268421,346133653,1,95ridoi,1863,2014-12-17 18,2014/12/17,18
109802727,56489946,1,,8291,2014-12-18 10,2014/12/18,10
100268421,131446668,1,95ridom,1863,2014-12-17 18,2014/12/17,18
105267575,324532572,1,,8141,2014-12-17 21,2014/12/17,21
100268421,320409806,1,95ridld,1863,2014-12-17 18,2014/12/17,18
109802727,266907147,1,99ctk96,9117,2014-12-18 21,2014/12/18,21
100014756,69657954,1,96nditl,14079,2014-12-17 08,2014/12/17,8
100014756,126384452,1,96ndiuj,2953,2014-12-18 12,2014/12/18,12
109802727,69498133,1,99ctkgr,4642,2014-12-17 17,2014/12/17,17
100699909,172512779,1,,14079,2014-12-18 23,2014/12/18,23
105181314,261943461,1,,8179,2014-12-17 19,2014/12/17,19
100699909,238545696,1,,14079,2014-12-18 23,2014/12/18,23
100699909,380294163,1,,14079,2014-12-18 23,2014/12/18,23
109802727,390768905,1,99ctkgc,4642,2014-12-17 16,2014/12/17,16
103299356,283559748,1,,1863,2014-12-18 11,2014/12/18,11
100014756,207647778,1,96ndiuj,5232,2014-12-18 23,2014/12/18,23
105181314,8816162,1,,7876,2014-12-17 19,2014/12/17,19
109802727,24753550,1,,5894,2014-12-18 09,2014/12/18,9
100014756,204994380,1,96ndj9s,6431,2014-12-18 23,2014/12/18,23
109802727,199673721,1,,5894,2014-12-18 09,2014/12/18,9
10461291,130239833,1,,10544,2014-12-17 18,2014/12/17,18
10461291,356559032,1,,10544,2014-12-17 15,2014/12/17,15
12633543,152427822,4,,6794,2014-12-18 15,2014/12/18,15
12633543,45365654,1,,11406,2014-12-18 22,2014/12/18,22
12633543,303825579,1,,11406,2014-12-18 22,2014/12/18,22
109802727,353315540,3,99ctkgn,4116,2014-12-17 17,2014/12/17,17
105267575,123260607,1,,2801,2014-12-17 21,2014/12/17,21
105267575,123260607,1,,2801,2014-12-17 21,2014/12/17,21
100699909,258733069,1,,11770,2014-12-17 15,2014/12/17,15
100014756,304111507,1,96ndj9r,11824,2014-12-17 23,2014/12/17,23
12633543,49751238,4,,5533,2014-12-18 15,2014/12/18,15
100014756,345651910,1,96negmu,4370,2014-12-18 23,2014/12/18,23
100699909,160031564,1,,446,2014-12-17 15,2014/12/17,15
100014756,92669043,1,96ndiuo,6576,2014-12-17 13,2014/12/17,13
109059613,203053714,1,,3368,2014-12-18 10,2014/12/18,10
109059613,49002319,1,,3368,2014-12-18 10,2014/12/18,10
100739273,162750923,1,,5027,2014-12-17 10,2014/12/17,10
101821448,177793205,1,95mbjdg,5468,2014-12-18 17,2014/12/18,17
101821448,206902882,1,,5271,2014-12-17 03,2014/12/17,3
105267575,17151964,3,,10049,2014-12-17 21,2014/12/17,21
101821448,206902882,1,,5271,2014-12-17 03,2014/12/17,3
105267575,184213900,1,,10049,2014-12-17 21,2014/12/17,21
103299356,294843132,1,,5027,2014-12-17 11,2014/12/17,11
109802727,150673446,1,99ctkbn,5399,2014-12-18 10,2014/12/18,10
108423858,236583149,1,9r5frhf,1488,2014-12-17 20,2014/12/17,20
109802727,194600403,1,99ctk9b,10049,2014-12-18 21,2014/12/18,21
109802727,370416193,1,,5027,2014-12-17 22,2014/12/17,22
108423858,201441172,1,9r5fraq,13230,2014-12-17 20,2014/12/17,20
109802727,306840952,1,,10418,2014-12-18 10,2014/12/18,10
108423858,384219012,1,9r5frkh,13230,2014-12-17 20,2014/12/17,20
106080951,352477776,1,95qurjo,9516,2014-12-17 16,2014/12/17,16
111765574,123952364,1,,3424,2014-12-17 01,2014/12/17,1
111765574,168726001,1,,3424,2014-12-17 01,2014/12/17,1
100739273,223697406,1,,3472,2014-12-18 18,2014/12/18,18
100739273,72220250,4,,3472,2014-12-18 18,2014/12/18,18
100739273,72220250,1,,3472,2014-12-18 18,2014/12/18,18
107372875,249986660,1,99cpisa,3252,2014-12-18 07,2014/12/18,7
107372875,85095865,1,,3252,2014-12-18 06,2014/12/18,6
107372875,361610290,1,99cpis1,5399,2014-12-18 08,2014/12/18,8
100739273,389433057,1,,5027,2014-12-17 15,2014/12/17,15
107372875,375387338,1,99cpisw,12569,2014-12-17 19,2014/12/17,19
107372875,395150862,1,99cpisn,3252,2014-12-18 07,2014/12/18,7
107140956,26750896,1,,11750,2014-12-18 21,2014/12/18,21
107372875,64271748,1,,5271,2014-12-18 06,2014/12/18,6
107372875,346463925,1,99nobd3,9835,2014-12-18 08,2014/12/18,8
107140956,63754833,1,,1863,2014-12-18 21,2014/12/18,21
107372875,105305305,1,99cpi0m,9835,2014-12-18 08,2014/12/18,8
107372875,168903256,1,99cpi0r,9835,2014-12-18 08,2014/12/18,8
107372875,18610877,1,99cpism,6576,2014-12-17 19,2014/12/17,19
114644257,263648870,1,,5625,2014-12-17 06,2014/12/17,6
107372875,219958372,1,99cpi09,10961,2014-12-18 08,2014/12/18,8
114644257,263648870,1,,5625,2014-12-17 06,2014/12/17,6
107372875,371123081,1,99cpis2,6344,2014-12-18 08,2014/12/18,8
109002193,131810382,1,,11279,2014-12-18 03,2014/12/18,3
107372875,301973593,1,99cpi0r,9790,2014-12-18 08,2014/12/18,8
115454693,85604131,1,94nkhks,552,2014-12-17 07,2014/12/17,7
114644257,400862852,1,94d23kc,12100,2014-12-17 21,2014/12/17,21
114644257,72394256,1,94d23ks,12100,2014-12-17 20,2014/12/17,20
114644257,304241627,2,94d23lk,12100,2014-12-17 20,2014/12/17,20
114644257,112706767,1,94d23k6,9491,2014-12-17 18,2014/12/17,18
107140956,318090287,1,,4370,2014-12-17 21,2014/12/17,21
107140956,318090287,1,,4370,2014-12-18 12,2014/12/18,12
114644257,128895015,1,94d23kc,12100,2014-12-17 20,2014/12/17,20
107372875,68932770,1,99cpisj,5027,2014-12-18 08,2014/12/18,8
107372875,250370869,1,99cpis3,3472,2014-12-18 08,2014/12/18,8
107372875,56647805,1,99cpits,4370,2014-12-18 08,2014/12/18,8
114644257,84929967,1,94d23kd,12100,2014-12-17 20,2014/12/17,20
107140956,57655221,1,,5027,2014-12-17 19,2014/12/17,19
107372875,390537064,1,99nobd2,4370,2014-12-18 08,2014/12/18,8
114644257,263315116,1,94d23k4,12100,2014-12-17 20,2014/12/17,20
114644257,263315116,1,94d23l5,12100,2014-12-17 20,2014/12/17,20
114644257,211531890,1,94d23lw,12100,2014-12-17 20,2014/12/17,20
114644257,304241627,1,94d23kv,12100,2014-12-17 20,2014/12/17,20
115454693,17112450,1,94nki9t,552,2014-12-17 18,2014/12/17,18
115454693,297219816,1,94nhcfn,1303,2014-12-17 19,2014/12/17,19
114644257,182162729,1,94d23kb,7033,2014-12-17 21,2014/12/17,21
11685194,371956762,1,94lhi6u,6512,2014-12-17 18,2014/12/17,18
11685194,343297780,1,94lhi64,5399,2014-12-17 17,2014/12/17,17
114644257,54019282,1,94d23k6,7033,2014-12-17 21,2014/12/17,21
115454693,346452822,1,94nkhie,552,2014-12-17 21,2014/12/17,21
11685194,308181026,1,94lhi64,6512,2014-12-17 18,2014/12/17,18
114644257,182162729,1,94d23kc,7033,2014-12-17 21,2014/12/17,21
115454693,49687394,1,94nkhi2,552,2014-12-17 21,2014/12/17,21
11685194,395447524,1,94lhi61,6512,2014-12-17 17,2014/12/17,17
11685194,286973101,1,94lhi65,6512,2014-12-17 17,2014/12/17,17
115454693,49687394,1,94nkwt6,552,2014-12-18 18,2014/12/18,18
119417825,274014429,1,95qcca1,3299,2014-12-18 09,2014/12/18,9
119205986,183339489,1,,1863,2014-12-18 20,2014/12/18,20
11685194,280987172,1,94lhi6w,6512,2014-12-17 17,2014/12/17,17
115450037,381705869,1,,432,2014-12-17 21,2014/12/17,21
11685194,3541369,1,94lhiqq,6512,2014-12-17 18,2014/12/17,18
119205986,75811396,1,,7033,2014-12-18 20,2014/12/18,20
11685194,95508898,1,94lhiq1,6512,2014-12-17 17,2014/12/17,17
11685194,159545124,1,94lhiqh,6512,2014-12-17 16,2014/12/17,16
11685194,3451338,1,,10961,2014-12-18 18,2014/12/18,18
115450037,381705869,1,,432,2014-12-17 21,2014/12/17,21
119205986,38058412,1,,437,2014-12-18 20,2014/12/18,20
11685194,135869059,1,,3628,2014-12-18 18,2014/12/18,18
119417825,132592116,1,95qcca2,9576,2014-12-18 09,2014/12/18,9
11685194,280995481,1,94lhi6c,6512,2014-12-17 17,2014/12/17,17
11685194,239983032,1,,3628,2014-12-18 18,2014/12/18,18
119205986,55336518,1,,1863,2014-12-18 20,2014/12/18,20
119417825,244683811,1,95qccn2,9576,2014-12-18 09,2014/12/18,9
11685194,277320021,1,,1854,2014-12-18 17,2014/12/18,17
11685194,120048562,1,,1854,2014-12-18 17,2014/12/18,17
11685194,120048562,1,,1854,2014-12-18 17,2014/12/18,17
11685194,249702671,1,,3628,2014-12-18 18,2014/12/18,18
11685194,279307369,1,94lhi5m,5027,2014-12-17 18,2014/12/17,18
110784641,220736322,1,95qg5dd,6513,2014-12-17 22,2014/12/17,22
110784641,379482159,1,95qg5dm,3368,2014-12-17 22,2014/12/17,22
103299356,276712851,1,,1863,2014-12-18 13,2014/12/18,13
119205986,339252963,1,94w004r,9279,2014-12-17 20,2014/12/17,20
110784641,220736322,1,95qg5gq,6513,2014-12-17 22,2014/12/17,22
121320202,184745913,1,94l5oum,5027,2014-12-17 09,2014/12/17,9
11685194,400528996,1,94lhi64,3381,2014-12-17 16,2014/12/17,16
110784641,321684570,1,95qg5fw,6513,2014-12-17 22,2014/12/17,22
103299356,145380100,1,,4269,2014-12-18 14,2014/12/18,14
11685194,74656282,1,94lhi6r,3381,2014-12-17 16,2014/12/17,16
134450458,204072789,1,,10703,2014-12-17 22,2014/12/17,22
121251549,194988083,1,,11552,2014-12-17 21,2014/12/17,21
134450458,327916311,1,,10703,2014-12-17 22,2014/12/17,22
121320202,217349537,1,94l5oun,5027,2014-12-17 09,2014/12/17,9
121251549,216006636,1,,10753,2014-12-17 21,2014/12/17,21
11685194,266196956,1,,10314,2014-12-18 18,2014/12/18,18
11685194,343274265,1,,10314,2014-12-18 18,2014/12/18,18
118197087,362704718,1,,14047,2014-12-17 06,2014/12/17,6
11685194,333322212,1,,1863,2014-12-18 16,2014/12/18,16
121320202,248526010,1,,12658,2014-12-18 10,2014/12/18,10
121251549,226414675,1,,11184,2014-12-17 21,2014/12/17,21
11685194,304603704,1,94lhi7r,5027,2014-12-17 18,2014/12/17,18
11685194,97103081,1,94lhiq3,5027,2014-12-17 18,2014/12/17,18
121320202,78050212,1,,12658,2014-12-18 10,2014/12/18,10
121320202,248526010,1,,12658,2014-12-18 10,2014/12/18,10
11685194,314363939,1,94lhi61,5027,2014-12-17 18,2014/12/17,18
115450037,264952891,1,,3783,2014-12-17 20,2014/12/17,20
116830510,63195716,1,,1863,2014-12-17 21,2014/12/17,21
11685194,281721731,1,94lhiq2,5399,2014-12-17 18,2014/12/17,18
11685194,126505573,1,94lhi66,5399,2014-12-17 18,2014/12/17,18
118197087,112721168,1,,11039,2014-12-17 06,2014/12/17,6
121320202,160875463,1,94l5ot3,5027,2014-12-17 09,2014/12/17,9
11685194,176298636,1,,2883,2014-12-18 17,2014/12/18,17
121320202,321485654,1,,3064,2014-12-18 19,2014/12/18,19
116830510,182098330,1,,1863,2014-12-17 22,2014/12/17,22
134450458,393315981,1,,10609,2014-12-17 22,2014/12/17,22
116830510,16102174,1,,4111,2014-12-18 08,2014/12/18,8
121320202,273141162,1,,3064,2014-12-18 19,2014/12/18,19
121320202,3892822,1,,3064,2014-12-18 19,2014/12/18,19
116830510,182098330,1,,1863,2014-12-17 22,2014/12/17,22
11685194,118482055,1,,2883,2014-12-18 18,2014/12/18,18
121320202,130350256,1,,5867,2014-12-18 19,2014/12/18,19
121320202,373241695,1,,3064,2014-12-18 20,2014/12/18,20
11685194,60469463,1,,2883,2014-12-18 18,2014/12/18,18
134450458,85942417,1,,10609,2014-12-17 23,2014/12/17,23
11685194,175912477,1,94lhi5j,5027,2014-12-17 18,2014/12/17,18
121320202,252982841,1,,3064,2014-12-18 20,2014/12/18,20
118197087,101746344,1,,297,2014-12-18 06,2014/12/18,6
121320202,130350256,1,,5867,2014-12-18 19,2014/12/18,19
118197087,101746344,1,,297,2014-12-18 06,2014/12/18,6
134450458,298290486,1,,10609,2014-12-17 22,2014/12/17,22
118197087,101746344,4,95q6vvd,297,2014-12-18 20,2014/12/18,20
110784641,393056012,1,95qg5g5,13374,2014-12-18 11,2014/12/18,11
11685194,242323340,1,94lhiqc,11552,2014-12-17 16,2014/12/17,16
115450037,141873343,1,,1421,2014-12-17 21,2014/12/17,21
121320202,300842079,1,94l5our,5027,2014-12-17 09,2014/12/17,9
116830510,292925318,1,,1863,2014-12-17 22,2014/12/17,22
116830510,113143307,1,,11279,2014-12-17 08,2014/12/17,8
116830510,214473723,1,,6828,2014-12-18 08,2014/12/18,8
117535741,202277003,1,9qv9nus,7195,2014-12-17 12,2014/12/17,12
115450037,235422938,1,,8864,2014-12-17 21,2014/12/17,21
132324484,369274169,1,,5571,2014-12-17 15,2014/12/17,15
115450037,387008812,1,,8864,2014-12-17 21,2014/12/17,21
136257384,69916706,1,,6344,2014-12-18 17,2014/12/18,17
136257384,138995293,1,,6344,2014-12-18 17,2014/12/18,17
136257384,310623854,1,,6344,2014-12-17 00,2014/12/17,0
136257384,89999153,1,,5399,2014-12-18 13,2014/12/18,13
118197087,190760753,1,95q6v3o,297,2014-12-18 22,2014/12/18,22
132324484,143849538,1,,3892,2014-12-18 12,2014/12/18,12
136257384,289789768,1,,5027,2014-12-17 10,2014/12/17,10
136257384,289789768,1,,5027,2014-12-17 10,2014/12/17,10
118197087,377709666,1,,297,2014-12-18 06,2014/12/18,6
132324484,267049085,1,,3921,2014-12-18 16,2014/12/18,16
132324484,187459504,1,,3921,2014-12-18 17,2014/12/18,17
118197087,377709666,1,,297,2014-12-18 06,2014/12/18,6
132324484,51980985,1,,3921,2014-12-18 16,2014/12/18,16
126380757,343142989,1,,13230,2014-12-17 09,2014/12/17,9
126380757,256902123,1,,6513,2014-12-17 09,2014/12/17,9
132324484,269590705,1,,3921,2014-12-18 17,2014/12/18,17
116830510,237134418,1,,12479,2014-12-17 08,2014/12/17,8
110784641,157984068,1,95qg5bc,2252,2014-12-18 11,2014/12/18,11
118197087,242722773,1,,9569,2014-12-17 06,2014/12/17,6
110784641,201506051,1,95qg5gu,2252,2014-12-18 11,2014/12/18,11
132324484,358155396,1,,11623,2014-12-18 10,2014/12/18,10
116830510,110625769,1,,12479,2014-12-17 08,2014/12/17,8
115450037,394119351,2,,2261,2014-12-17 21,2014/12/17,21
116830510,215745689,1,,12479,2014-12-17 08,2014/12/17,8
136257384,127309686,1,,5399,2014-12-17 10,2014/12/17,10
116830510,253878131,1,,11632,2014-12-17 08,2014/12/17,8
136257384,57448578,1,,13230,2014-12-17 10,2014/12/17,10
116830510,150229499,1,,6000,2014-12-17 15,2014/12/17,15
126380757,175593722,1,94rlh3t,5232,2014-12-18 09,2014/12/18,9
136257384,82219190,1,,12836,2014-12-17 10,2014/12/17,10
103299356,328092110,1,,5395,2014-12-18 15,2014/12/18,15
110784641,276245977,1,95qg5gt,1686,2014-12-17 22,2014/12/17,22
115450037,56435697,1,,3783,2014-12-17 20,2014/12/17,20
135817531,214163318,4,,3472,2014-12-18 10,2014/12/18,10
115450037,56435697,1,,3783,2014-12-17 20,2014/12/17,20
118197087,42594671,1,95pb6v3,5252,2014-12-18 09,2014/12/18,9
103299356,398998236,1,,12488,2014-12-17 11,2014/12/17,11
136257384,269255728,1,,10864,2014-12-17 13,2014/12/17,13
103299356,152776836,1,,12488,2014-12-18 10,2014/12/18,10
136257384,402488690,1,,5503,2014-12-17 10,2014/12/17,10
129976591,173882289,1,,6512,2014-12-17 14,2014/12/17,14
129976591,256917463,1,,1863,2014-12-17 09,2014/12/17,9
136257384,198942533,1,,13230,2014-12-17 10,2014/12/17,10
116830510,136546403,1,,3673,2014-12-17 12,2014/12/17,12
129976591,182541355,1,,6512,2014-12-17 14,2014/12/17,14
129976591,173882289,1,,6512,2014-12-17 14,2014/12/17,14
136257384,155444867,1,,1083,2014-12-17 10,2014/12/17,10
129976591,104635382,1,,2535,2014-12-17 09,2014/12/17,9
116830510,205830907,1,,7438,2014-12-17 08,2014/12/17,8
14543753,142348463,1,,11537,2014-12-18 20,2014/12/18,20
126629557,203096763,1,,6513,2014-12-18 14,2014/12/18,14
116830510,399210882,1,,8291,2014-12-18 23,2014/12/18,23
129976591,314925047,1,,3321,2014-12-17 09,2014/12/17,9
137455327,11671276,1,,8095,2014-12-17 11,2014/12/17,11
137455327,11671276,1,,8095,2014-12-17 11,2014/12/17,11
137455327,347165887,1,,8095,2014-12-18 22,2014/12/18,22
116830510,391694872,1,,8291,2014-12-18 08,2014/12/18,8
137455327,191407728,1,956mcej,11279,2014-12-17 21,2014/12/17,21
116830510,360498198,1,,6344,2014-12-17 08,2014/12/17,8
137455327,315668198,1,,13460,2014-12-18 19,2014/12/18,19
103299356,386145418,1,,1843,2014-12-18 10,2014/12/18,10
137455327,307017944,1,,2883,2014-12-17 11,2014/12/17,11
103299356,386145418,1,,1843,2014-12-18 10,2014/12/18,10
129976591,272185177,1,,1838,2014-12-17 09,2014/12/17,9
129976591,272185177,2,,1838,2014-12-17 09,2014/12/17,9
116830510,306040415,1,,13230,2014-12-17 11,2014/12/17,11
116830510,306040415,1,,13230,2014-12-17 11,2014/12/17,11
116830510,235314854,1,,10533,2014-12-17 11,2014/12/17,11
129976591,270682233,1,,13230,2014-12-17 14,2014/12/17,14
129976591,186612850,1,,5027,2014-12-17 14,2014/12/17,14
103299356,336709867,1,,10961,2014-12-18 13,2014/12/18,13
140753842,157572815,1,,3397,2014-12-17 09,2014/12/17,9
140753842,723019,1,,10703,2014-12-17 19,2014/12/17,19
140753842,66677828,1,94n7i6g,14079,2014-12-17 16,2014/12/17,16
129976591,35479575,1,,6513,2014-12-17 14,2014/12/17,14
129976591,35479575,1,,6513,2014-12-17 14,2014/12/17,14
140753842,307118031,1,,3431,2014-12-18 17,2014/12/18,17
116830510,353433371,1,,12368,2014-12-18 08,2014/12/18,8
103550913,360491616,3,,3852,2014-12-17 17,2014/12/17,17
129976591,305949480,1,,5027,2014-12-17 14,2014/12/17,14
129976591,235570510,1,,3381,2014-12-17 14,2014/12/17,14
116830510,150542513,1,,11914,2014-12-18 08,2014/12/18,8
14543753,365409848,1,,8409,2014-12-18 20,2014/12/18,20
129976591,61347729,1,,10392,2014-12-17 09,2014/12/17,9
137455327,315444314,1,,874,2014-12-18 20,2014/12/18,20
137455327,137081845,1,,874,2014-12-18 20,2014/12/18,20
137455327,137081845,1,,874,2014-12-18 20,2014/12/18,20
116830510,24214313,1,,814,2014-12-18 08,2014/12/18,8
137455327,295761749,1,956mcak,11279,2014-12-17 21,2014/12/17,21
116830510,24214313,1,,814,2014-12-18 08,2014/12/18,8
140753842,116295477,1,94n7i7d,13230,2014-12-17 16,2014/12/17,16
116830510,337568553,1,,814,2014-12-18 08,2014/12/18,8
13019864,196669431,1,,1863,2014-12-17 16,2014/12/17,16
116830510,300200095,1,,814,2014-12-18 08,2014/12/18,8
103550913,265543681,1,,11406,2014-12-17 21,2014/12/17,21
13019864,147590955,1,,1863,2014-12-18 09,2014/12/18,9
103550913,6029511,1,,11406,2014-12-17 21,2014/12/17,21
13019864,129936690,1,9qrinfv,10585,2014-12-18 10,2014/12/18,10
116830510,350378001,1,,10533,2014-12-17 11,2014/12/17,11
116830510,187543403,1,,10533,2014-12-17 11,2014/12/17,11
140753842,64046936,1,94n7i7k,5894,2014-12-17 16,2014/12/17,16
116830510,64901842,1,,11279,2014-12-17 06,2014/12/17,6
116830510,153663075,1,,11279,2014-12-18 14,2014/12/18,14
137455327,379475302,1,,1863,2014-12-17 09,2014/12/17,9
116830510,242717283,1,,11279,2014-12-17 08,2014/12/17,8
140753842,240731293,1,94n7hoi,6513,2014-12-18 21,2014/12/18,21
120169645,3448225,1,95f5fck,11475,2014-12-17 15,2014/12/17,15
116830510,240672748,1,,11279,2014-12-17 06,2014/12/17,6
116830510,240672748,1,,11279,2014-12-17 06,2014/12/17,6
116830510,232944724,1,,11279,2014-12-17 08,2014/12/17,8
116830510,253518526,1,,11279,2014-12-17 08,2014/12/17,8
116830510,38002240,1,,11279,2014-12-17 06,2014/12/17,6
103550913,400713155,1,,11236,2014-12-17 21,2014/12/17,21
140753842,1000423,1,94n7hob,6512,2014-12-18 22,2014/12/18,22
140753842,361294001,1,,5027,2014-12-17 10,2014/12/17,10
13019864,289619039,1,,13230,2014-12-18 12,2014/12/18,12
116830510,62314583,1,,1863,2014-12-18 07,2014/12/18,7
116830510,62314583,1,,1863,2014-12-18 07,2014/12/18,7
116830510,179581367,1,,1863,2014-12-17 11,2014/12/17,11
116830510,62314583,1,,1863,2014-12-17 22,2014/12/17,22
18262579,119270529,1,94nqgo5,10894,2014-12-18 19,2014/12/18,19
120169645,403014839,1,95f6t5s,2513,2014-12-17 15,2014/12/17,15
116830510,205491781,1,,1863,2014-12-17 22,2014/12/17,22
140753842,256956750,1,,5232,2014-12-17 10,2014/12/17,10
18262579,82580776,1,,12662,2014-12-18 23,2014/12/18,23
13019864,234403740,1,,6344,2014-12-17 11,2014/12/17,11
120169645,99488960,1,95f5fcj,2513,2014-12-17 15,2014/12/17,15
14543753,201099137,1,,6054,2014-12-18 21,2014/12/18,21
120169645,403014839,1,95f6tr6,2513,2014-12-17 15,2014/12/17,15
13019864,235178038,1,,10019,2014-12-17 16,2014/12/17,16
116830510,332607300,1,,1863,2014-12-17 22,2014/12/17,22
14543753,120668151,1,,6054,2014-12-18 21,2014/12/18,21
13019864,109388820,1,9qrinfg,6344,2014-12-17 14,2014/12/17,14
13019864,229042608,1,,1863,2014-12-18 09,2014/12/18,9
18262579,77667658,1,94nqglg,5027,2014-12-17 20,2014/12/17,20
13019864,172478681,1,,1863,2014-12-18 14,2014/12/18,14
140753842,376189645,1,94n7npo,6513,2014-12-18 22,2014/12/18,22
140753842,231796068,1,94n7hou,6513,2014-12-18 21,2014/12/18,21
140753842,151081301,1,94n7i7d,6513,2014-12-17 16,2014/12/17,16
13019864,193529713,1,9qrinfa,5894,2014-12-17 14,2014/12/17,14
140753842,205563786,1,94n7i7j,2825,2014-12-17 16,2014/12/17,16
13019864,109388820,1,9qrinfk,6344,2014-12-17 14,2014/12/17,14
13019864,397416657,1,,13763,2014-12-17 09,2014/12/17,9
141934267,318904010,1,,8609,2014-12-18 23,2014/12/18,23
18262579,197231151,1,94nqgd9,6255,2014-12-17 21,2014/12/17,21
13019864,276435276,1,9qrinft,2953,2014-12-18 11,2014/12/18,11
18262579,321292878,1,94nqgom,10894,2014-12-18 19,2014/12/18,19
14543753,157994108,1,95533u0,5503,2014-12-18 09,2014/12/18,9
18262579,301557616,1,94nqgl6,6255,2014-12-17 21,2014/12/17,21
14543753,253882061,1,,1863,2014-12-18 21,2014/12/18,21
140753842,56023904,1,94n7i6i,5027,2014-12-17 11,2014/12/17,11
18262579,18610877,1,94nqgep,6576,2014-12-17 11,2014/12/17,11
14543753,141833688,1,,1863,2014-12-18 21,2014/12/18,21
18262579,321292878,1,94nqgl7,10894,2014-12-18 19,2014/12/18,19
140753842,305949480,1,,5027,2014-12-17 10,2014/12/17,10
18262579,336338711,1,94nqgoj,4370,2014-12-17 21,2014/12/17,21
14543753,141833688,1,,1863,2014-12-18 21,2014/12/18,21
124706263,318074751,1,,3064,2014-12-17 12,2014/12/17,12
18262579,300449382,1,94nqgo1,6255,2014-12-17 11,2014/12/17,11
18262579,253681063,1,,5689,2014-12-18 17,2014/12/18,17
18262579,93377038,1,,14079,2014-12-18 20,2014/12/18,20
124706263,318074751,1,,3064,2014-12-17 12,2014/12/17,12
18262579,13067602,1,,14079,2014-12-18 19,2014/12/18,19
124706263,357739266,1,,10265,2014-12-17 00,2014/12/17,0
18262579,160737872,1,,14079,2014-12-18 20,2014/12/18,20
18262579,243165683,1,94nqge9,14079,2014-12-17 20,2014/12/17,20
18262579,172334459,1,,14079,2014-12-18 20,2014/12/18,20
18262579,47807161,1,,14079,2014-12-18 20,2014/12/18,20
18262579,243165683,2,94nqgle,14079,2014-12-17 20,2014/12/17,20
18262579,368891894,1,,14079,2014-12-18 19,2014/12/18,19
18262579,105082362,1,,14079,2014-12-18 19,2014/12/18,19
13019864,29989215,1,9qrict3,5749,2014-12-17 14,2014/12/17,14
141934267,357556804,1,,8270,2014-12-18 18,2014/12/18,18
13019864,325469613,1,9qrictm,5749,2014-12-17 14,2014/12/17,14
129077923,8258717,1,,12982,2014-12-18 19,2014/12/18,19
140753842,390796020,1,,5503,2014-12-17 09,2014/12/17,9
140753842,195424908,1,94n7hdt,5503,2014-12-18 20,2014/12/18,20
13019864,344546781,1,,5749,2014-12-17 16,2014/12/17,16
13019864,64315776,1,9qrinfp,5749,2014-12-17 14,2014/12/17,14
141934267,189336825,1,,13230,2014-12-18 18,2014/12/18,18
13019864,224927137,1,9qrinfs,5749,2014-12-17 14,2014/12/17,14
129077923,1266416,1,,4739,2014-12-18 23,2014/12/18,23
129077923,277619761,1,,4739,2014-12-18 23,2014/12/18,23
18262579,92937291,1,94nqglw,6255,2014-12-17 21,2014/12/17,21
13019864,93683250,1,,1863,2014-12-17 15,2014/12/17,15
14543753,187236018,1,,1863,2014-12-18 21,2014/12/18,21
14543753,187236018,1,,1863,2014-12-18 21,2014/12/18,21
13019864,233361676,1,9qrict1,5232,2014-12-17 14,2014/12/17,14
18262579,84982171,1,94nqgoo,5894,2014-12-17 11,2014/12/17,11
18262579,375750324,1,94nqgl3,6513,2014-12-17 20,2014/12/17,20
13019864,362510181,1,,1863,2014-12-18 14,2014/12/18,14
13019864,362510181,3,,1863,2014-12-18 14,2014/12/18,14
125830256,112206651,1,9q0f4go,6000,2014-12-18 22,2014/12/18,22
17665940,331892451,1,,5399,2014-12-18 18,2014/12/18,18
18262579,208057790,1,,6513,2014-12-18 20,2014/12/18,20
17665940,58451126,1,9qprlbh,2649,2014-12-17 09,2014/12/17,9
125830256,158724428,1,9q0f4gg,8191,2014-12-18 07,2014/12/18,7
17665940,133661625,1,9qproj0,2649,2014-12-17 09,2014/12/17,9
125830256,344530957,1,9q0f4gk,8191,2014-12-18 07,2014/12/18,7
18262579,400655931,1,94nqgle,2828,2014-12-17 21,2014/12/17,21
13019864,192579897,1,9qrin3g,5894,2014-12-17 22,2014/12/17,22
103550913,182687717,1,,1527,2014-12-17 21,2014/12/17,21
103550913,248523114,1,,1527,2014-12-17 21,2014/12/17,21
18262579,4790525,1,94nqgk2,2828,2014-12-17 21,2014/12/17,21
18262579,192779915,1,94nqgoj,2828,2014-12-17 21,2014/12/17,21
125830256,398400460,1,9q0f4go,8587,2014-12-18 21,2014/12/18,21
125830256,112991684,1,9q0f5jw,7619,2014-12-18 21,2014/12/18,21
125830256,234720167,1,9q0f4go,7619,2014-12-18 21,2014/12/18,21
18262579,391778841,1,94nqgl7,2828,2014-12-17 21,2014/12/17,21
18262579,169695738,1,,5232,2014-12-18 12,2014/12/18,12
21045880,69764064,4,95hslmc,6655,2014-12-17 19,2014/12/17,19
13019864,320641977,1,,9247,2014-12-18 21,2014/12/18,21
18262579,362338185,1,94nqglr,10637,2014-12-17 20,2014/12/17,20
21045880,69764064,1,95hse97,6655,2014-12-17 19,2014/12/17,19
21045880,69764064,1,95hslmk,6655,2014-12-17 19,2014/12/17,19
21045880,69764064,2,,6655,2014-12-17 15,2014/12/17,15
14543753,93272288,1,,13926,2014-12-18 20,2014/12/18,20
21045880,327078610,1,95hse9o,6655,2014-12-17 19,2014/12/17,19
21045880,327078610,1,95hslos,6655,2014-12-17 19,2014/12/17,19
13019864,194997629,1,9qrinfm,5894,2014-12-17 14,2014/12/17,14
18262579,340803338,1,,1863,2014-12-18 20,2014/12/18,20
17665940,152624720,1,,13230,2014-12-18 18,2014/12/18,18
13019864,211893011,1,,6344,2014-12-17 09,2014/12/17,9
14543753,97882711,1,,1863,2014-12-18 21,2014/12/18,21
13019864,161876561,1,,1121,2014-12-17 10,2014/12/17,10
18262579,322517973,1,94nqgo5,4370,2014-12-17 21,2014/12/17,21
18262579,165672643,1,94nqgkf,4370,2014-12-18 13,2014/12/18,13
18262579,161496527,1,94nqgoi,11279,2014-12-17 11,2014/12/17,11
18262579,228995721,1,94nqgoe,5027,2014-12-17 20,2014/12/17,20
18262579,413628,1,,11552,2014-12-18 20,2014/12/18,20
18262579,413628,1,,11552,2014-12-18 20,2014/12/18,20
17665940,177427997,1,9qprlg5,5399,2014-12-18 16,2014/12/18,16
13019864,54392483,1,,12380,2014-12-17 16,2014/12/17,16
13019864,390464450,1,9qricti,3222,2014-12-18 10,2014/12/18,10
18262579,269274000,1,94nqgl2,3381,2014-12-17 20,2014/12/17,20
13019864,390464450,1,,3222,2014-12-17 16,2014/12/17,16
18262579,291352485,1,,9580,2014-12-18 20,2014/12/18,20
129077923,161215215,1,95dwowr,10431,2014-12-17 20,2014/12/17,20
18262579,159214224,1,,11824,2014-12-18 20,2014/12/18,20
17665940,231300660,1,9qprlgo,5027,2014-12-17 09,2014/12/17,9
129077923,97299483,1,95dworb,10431,2014-12-18 14,2014/12/18,14
15538158,376095921,1,,7917,2014-12-18 07,2014/12/18,7
129077923,287548766,1,95dwo7t,3940,2014-12-18 13,2014/12/18,13
129077923,214640872,1,95dwo53,3940,2014-12-18 13,2014/12/18,13
129077923,97299483,1,95dwora,10431,2014-12-18 14,2014/12/18,14
15538158,109952613,1,,6541,2014-12-17 20,2014/12/17,20
18262579,208893301,1,94nqgep,4364,2014-12-17 21,2014/12/17,21
129077923,94896931,1,95dwo7t,3940,2014-12-18 13,2014/12/18,13
126696594,317068757,1,,11406,2014-12-18 00,2014/12/18,0
17665940,140877427,1,,5399,2014-12-18 18,2014/12/18,18
27911661,6215144,1,99be9ct,7033,2014-12-18 09,2014/12/18,9
126696594,169992224,1,,3956,2014-12-18 00,2014/12/18,0
17665940,231777005,1,9qprlgf,13230,2014-12-17 09,2014/12/17,9
37710250,78417937,1,9rg3auc,9847,2014-12-18 22,2014/12/18,22
13836728,334476578,1,,10049,2014-12-18 17,2014/12/18,17
17026631,219577635,1,,5399,2014-12-17 19,2014/12/17,19
17026631,341341943,1,,5399,2014-12-18 22,2014/12/18,22
17026631,402958730,1,,5894,2014-12-18 22,2014/12/18,22
15538158,129203784,1,,6541,2014-12-17 20,2014/12/17,20
17026631,73393263,1,,11279,2014-12-18 22,2014/12/18,22
37710250,96025731,1,9rg3e4u,4636,2014-12-18 22,2014/12/18,22
17026631,58613204,1,,5395,2014-12-17 13,2014/12/17,13
39948845,377136904,1,,6054,2014-12-18 21,2014/12/18,21
17026631,350634716,1,,5894,2014-12-18 22,2014/12/18,22
13836728,337565871,1,,2953,2014-12-18 23,2014/12/18,23
17026631,43762028,1,,6513,2014-12-17 19,2014/12/17,19
39948845,305599629,1,,1083,2014-12-18 21,2014/12/18,21
39948845,305599629,1,,1083,2014-12-18 21,2014/12/18,21
18117036,18863131,1,,5729,2014-12-18 16,2014/12/18,16
18117036,152880402,1,,5729,2014-12-18 15,2014/12/18,15
15538158,217227824,1,,11279,2014-12-17 19,2014/12/17,19
15538158,217227824,1,,11279,2014-12-17 19,2014/12/17,19
138495343,257296668,1,,1686,2014-12-17 06,2014/12/17,6
15538158,150761177,1,,11279,2014-12-17 19,2014/12/17,19
17026631,198176926,1,,14079,2014-12-18 22,2014/12/18,22
15538158,62241330,1,,11279,2014-12-17 19,2014/12/17,19
138495343,129967739,1,,3925,2014-12-17 06,2014/12/17,6
111205371,378496737,1,,10533,2014-12-18 08,2014/12/18,8
15538158,109952613,1,,6541,2014-12-17 20,2014/12/17,20
15538158,80713887,1,,11279,2014-12-17 19,2014/12/17,19
15538158,136117173,1,,11279,2014-12-17 19,2014/12/17,19
15538158,277805539,1,,11279,2014-12-17 19,2014/12/17,19
41509153,346550640,1,9puluom,9516,2014-12-18 12,2014/12/18,12
15538158,123632477,1,,11279,2014-12-17 19,2014/12/17,19
15538158,10348465,1,,9397,2014-12-17 20,2014/12/17,20
41509153,342744458,1,9pululf,4902,2014-12-18 13,2014/12/18,13
138495343,133490143,1,,5395,2014-12-17 22,2014/12/17,22
138495343,133490143,1,,5395,2014-12-17 22,2014/12/17,22
138495343,375034100,1,,9576,2014-12-18 06,2014/12/18,6
111205371,279841129,1,,6000,2014-12-17 19,2014/12/17,19
17026631,368975223,1,,13230,2014-12-18 22,2014/12/18,22
17026631,294865484,1,,6513,2014-12-18 22,2014/12/18,22
17026631,403546876,1,,6513,2014-12-18 22,2014/12/18,22
133135970,324408377,1,,9835,2014-12-17 08,2014/12/17,8
138495343,279829667,1,,4753,2014-12-18 06,2014/12/18,6
41509153,310478149,1,9pulue3,9516,2014-12-18 13,2014/12/18,13
133135970,190149447,1,,7601,2014-12-18 19,2014/12/18,19
133135970,114933100,1,,6648,2014-12-17 20,2014/12/17,20
18110679,307823255,1,,4753,2014-12-17 22,2014/12/17,22
133135970,271296460,1,,6648,2014-12-17 22,2014/12/17,22
133135970,240209116,1,,4676,2014-12-17 22,2014/12/17,22
133135970,31271747,1,,1083,2014-12-18 22,2014/12/18,22
111205371,120219571,1,,5689,2014-12-18 08,2014/12/18,8
133135970,50745610,1,,6648,2014-12-17 22,2014/12/17,22
133135970,383928777,2,,6648,2014-12-17 23,2014/12/17,23
18110679,364623694,1,,4753,2014-12-17 22,2014/12/17,22
133135970,148384462,1,,1083,2014-12-18 23,2014/12/18,23
41509153,277352822,1,9pulud7,9517,2014-12-17 19,2014/12/17,19
133135970,213122013,1,,6648,2014-12-17 19,2014/12/17,19
15538158,19478045,1,,11279,2014-12-17 19,2014/12/17,19
138495343,163038935,1,,1396,2014-12-17 21,2014/12/17,21
111205371,977599,1,,8864,2014-12-18 08,2014/12/18,8
133135970,299929100,1,,6648,2014-12-17 22,2014/12/17,22
111205371,277189408,1,,8864,2014-12-17 14,2014/12/17,14
138495343,248256768,1,,8126,2014-12-18 20,2014/12/18,20
18117036,402648203,1,956o6mh,1963,2014-12-17 10,2014/12/17,10
18110679,153487189,1,95kf1g4,9784,2014-12-17 18,2014/12/17,18
138495343,150366144,1,,2667,2014-12-17 22,2014/12/17,22
18110679,153487189,1,95kf1g5,9784,2014-12-17 20,2014/12/17,20
41509153,70928122,1,9puluol,4370,2014-12-18 18,2014/12/18,18
15538158,345964383,1,,5027,2014-12-18 18,2014/12/18,18
18110679,358098674,1,95kf1fw,9784,2014-12-17 18,2014/12/17,18
18110679,358098674,1,95kf1em,9784,2014-12-17 18,2014/12/17,18
15538158,357398264,1,,4701,2014-12-17 17,2014/12/17,17
18110679,196053259,1,95kf1gh,9784,2014-12-17 19,2014/12/17,19
15538158,377282385,1,,4701,2014-12-17 20,2014/12/17,20
133135970,325057946,1,,1083,2014-12-18 23,2014/12/18,23
18110679,224877640,1,95kf1fw,8874,2014-12-17 18,2014/12/17,18
138495343,194757975,1,,3662,2014-12-17 22,2014/12/17,22
18117036,376215342,1,956o6ja,284,2014-12-17 11,2014/12/17,11
133135970,94062845,1,,12090,2014-12-17 12,2014/12/17,12
133135970,383062064,1,,4190,2014-12-17 14,2014/12/17,14
41509153,36044660,1,9pulue0,5513,2014-12-18 11,2014/12/18,11
133135970,158795258,1,,12090,2014-12-17 12,2014/12/17,12
133135970,338089635,1,,5273,2014-12-17 18,2014/12/17,18
41509153,1260637,1,9pulua1,242,2014-12-17 19,2014/12/17,19
115149767,282824860,1,,5894,2014-12-17 13,2014/12/17,13
41154503,201621304,1,9rdonmc,5894,2014-12-17 19,2014/12/17,19
41509153,314319645,1,9pulud5,8771,2014-12-18 12,2014/12/18,12
141942808,374740211,1,,11756,2014-12-17 21,2014/12/17,21
141942808,232624985,1,,11756,2014-12-17 21,2014/12/17,21
141942808,296814865,1,,11756,2014-12-18 20,2014/12/18,20
128107871,177762349,1,,5395,2014-12-18 14,2014/12/18,14
41154503,333098405,1,9rdocpt,492,2014-12-18 14,2014/12/18,14
141942808,315482857,1,,3568,2014-12-17 19,2014/12/17,19
41154503,384851356,1,9rdoc4o,5749,2014-12-17 20,2014/12/17,20
18117036,304063203,1,,6000,2014-12-18 17,2014/12/18,17
128107871,177762349,1,,5395,2014-12-18 14,2014/12/18,14
41154503,368521428,1,9rdoc9m,5749,2014-12-17 20,2014/12/17,20
141942808,215581702,1,,11756,2014-12-17 21,2014/12/17,21
115149767,49889670,1,9qprldm,6513,2014-12-17 13,2014/12/17,13
141942808,305722025,1,,11756,2014-12-18 19,2014/12/18,19
115149767,332853326,1,9qprld6,5689,2014-12-17 13,2014/12/17,13
18117036,304063203,1,,6000,2014-12-18 17,2014/12/18,17
128107871,193804708,1,,5900,2014-12-18 14,2014/12/18,14
133135970,73405319,1,,5749,2014-12-17 18,2014/12/17,18
141942808,50393457,1,,13398,2014-12-18 21,2014/12/18,21
133135970,73405319,1,,5749,2014-12-17 14,2014/12/17,14
115149767,64590161,1,9qprld2,7578,2014-12-17 13,2014/12/17,13
15538158,206561104,1,,3046,2014-12-17 17,2014/12/17,17
128107871,196833738,1,,3709,2014-12-18 14,2014/12/18,14
115149767,251558276,1,9qpres2,9517,2014-12-17 13,2014/12/17,13
141942808,49344229,1,,13398,2014-12-18 21,2014/12/18,21
18635611,233364058,1,95qtstb,11652,2014-12-17 21,2014/12/17,21
18635611,233364058,1,95qtstl,11652,2014-12-17 21,2014/12/17,21
133135970,202393793,1,,6795,2014-12-18 23,2014/12/18,23
41154503,222522080,1,9rdonov,492,2014-12-18 14,2014/12/18,14
18635611,311013958,1,,3381,2014-12-18 18,2014/12/18,18
115149767,385037619,1,9qpreso,7951,2014-12-17 13,2014/12/17,13
133135970,238369305,1,,5049,2014-12-17 18,2014/12/17,18
128107871,169306375,2,,12685,2014-12-18 14,2014/12/18,14
41154503,305658225,1,9rdocqr,5894,2014-12-17 19,2014/12/17,19
15538158,24874234,1,,3099,2014-12-17 17,2014/12/17,17
128107871,115243179,1,,6255,2014-12-18 14,2014/12/18,14
41154503,134203775,1,9rdocqr,5399,2014-12-17 20,2014/12/17,20
133135970,150930504,1,,5049,2014-12-17 18,2014/12/17,18
41154503,252657776,1,9rdonot,5399,2014-12-17 20,2014/12/17,20
115149767,97957754,1,9qpres5,9517,2014-12-17 13,2014/12/17,13
115149767,216067656,1,9qprldl,9517,2014-12-17 13,2014/12/17,13
41154503,165065238,1,9rdonot,492,2014-12-18 14,2014/12/18,14
128107871,332650893,1,,13515,2014-12-18 14,2014/12/18,14
115149767,346930727,1,9qprldr,9517,2014-12-17 13,2014/12/17,13
19347313,245746991,1,,12790,2014-12-17 22,2014/12/17,22
15538158,399448941,1,,5017,2014-12-17 20,2014/12/17,20
115149767,127445959,1,9qpresr,6513,2014-12-17 13,2014/12/17,13
41154503,61292149,1,9rdocp1,5894,2014-12-17 20,2014/12/17,20
115149767,241280009,1,9qpres1,9517,2014-12-17 13,2014/12/17,13
115149767,346930727,1,9qprlde,9517,2014-12-17 13,2014/12/17,13
115149767,12107724,1,9qpretp,9517,2014-12-17 13,2014/12/17,13
141942808,75807339,1,,429,2014-12-18 16,2014/12/18,16
20293815,40815949,1,,7737,2014-12-18 12,2014/12/18,12
133817664,358733957,1,9rg24an,2153,2014-12-17 19,2014/12/17,19
41154503,378090866,1,9rdocq4,492,2014-12-18 14,2014/12/18,14
41509153,2904101,1,9pulukf,1863,2014-12-18 13,2014/12/18,13
115149767,172066102,1,9qprldv,6542,2014-12-17 13,2014/12/17,13
41509153,3935370,1,9pulueu,1863,2014-12-17 19,2014/12/17,19
41154503,139003226,1,9rdoc4j,492,2014-12-18 14,2014/12/18,14
133817664,358733957,3,9rg24an,2153,2014-12-17 19,2014/12/17,19
15350277,136720898,1,,8095,2014-12-17 21,2014/12/17,21
15350277,136720898,1,,8095,2014-12-17 21,2014/12/17,21
15350277,136720898,1,,8095,2014-12-17 21,2014/12/17,21
15350277,138223709,1,,2254,2014-12-17 12,2014/12/17,12
133135970,92135437,1,,6256,2014-12-17 18,2014/12/17,18
20293815,85362663,1,,7737,2014-12-18 12,2014/12/18,12
15350277,151065824,1,,11159,2014-12-17 15,2014/12/17,15
41154503,98487200,1,9rdonos,13230,2014-12-17 19,2014/12/17,19
133817664,327243363,2,9rg24ai,2153,2014-12-17 19,2014/12/17,19
15538158,188921132,1,,11279,2014-12-17 19,2014/12/17,19
41154503,216555993,1,9rdocp2,492,2014-12-18 14,2014/12/18,14
15538158,341602312,1,,11279,2014-12-17 19,2014/12/17,19
133817664,44001976,1,,1392,2014-12-18 22,2014/12/18,22
15350277,379600866,1,,8099,2014-12-17 16,2014/12/17,16
15350277,112539743,1,,11439,2014-12-18 17,2014/12/18,17
15538158,79683355,1,,5571,2014-12-17 19,2014/12/17,19
41154503,122544722,1,9rdonmd,492,2014-12-17 17,2014/12/17,17
15350277,112539743,1,,11439,2014-12-17 18,2014/12/17,18
115149767,174794870,1,9qprld6,10548,2014-12-17 13,2014/12/17,13
133817664,287628527,1,9rg24au,5454,2014-12-17 15,2014/12/17,15
115149767,79450286,1,,5894,2014-12-17 13,2014/12/17,13
115149767,193728818,1,,5894,2014-12-17 13,2014/12/17,13
133135970,157564759,1,,13230,2014-12-18 07,2014/12/18,7
41154503,385063963,1,9rdoc9k,5894,2014-12-17 20,2014/12/17,20
133817664,139286435,1,,1392,2014-12-18 21,2014/12/18,21
20293815,29507752,1,,7737,2014-12-17 21,2014/12/17,21
115149767,287777305,1,,5894,2014-12-17 13,2014/12/17,13
133135970,178854188,1,,10258,2014-12-17 18,2014/12/17,18
115149767,67994068,1,,5894,2014-12-17 13,2014/12/17,13
133817664,193135606,1,9rg24ak,4181,2014-12-17 18,2014/12/17,18
15350277,336542980,1,,9829,2014-12-17 21,2014/12/17,21
15350277,5133169,1,,2568,2014-12-18 14,2014/12/18,14
15350277,5133169,1,,2568,2014-12-18 10,2014/12/18,10
15350277,269983479,3,,9829,2014-12-18 13,2014/12/18,13
41154503,329460358,1,9rdonot,5894,2014-12-17 19,2014/12/17,19
15350277,149088492,1,,2568,2014-12-18 15,2014/12/18,15
133135970,94323263,1,,13230,2014-12-18 23,2014/12/18,23
41154503,128129912,1,9rdocpq,10533,2014-12-17 19,2014/12/17,19
116590113,123148552,1,9551ca3,13547,2014-12-17 20,2014/12/17,20
41154503,128129912,1,9rdoc9o,10533,2014-12-17 19,2014/12/17,19
41509153,18410175,1,9puluol,7960,2014-12-18 11,2014/12/18,11
41509153,378608361,1,9pululo,7960,2014-12-18 11,2014/12/18,11
116590113,273117971,1,9551cat,4640,2014-12-17 20,2014/12/17,20
116590113,296544647,1,,4640,2014-12-18 13,2014/12/18,13
116590113,334828782,1,9551ckb,4640,2014-12-17 20,2014/12/17,20
19164979,188829802,1,,9412,2014-12-17 09,2014/12/17,9
19164979,279322674,1,,13500,2014-12-18 22,2014/12/18,22
19164979,266549843,1,,12294,2014-12-18 13,2014/12/18,13
19164979,50016605,1,,13500,2014-12-18 21,2014/12/18,21
116590113,71935537,1,9551ce9,4640,2014-12-17 20,2014/12/17,20
116590113,128649628,1,9551cko,4640,2014-12-17 20,2014/12/17,20
15350277,211321952,1,,4008,2014-12-18 16,2014/12/18,16
15350277,304912305,1,,4008,2014-12-18 16,2014/12/18,16
15350277,211321952,1,,4008,2014-12-18 16,2014/12/18,16
15350277,240936774,1,94ek7m0,1838,2014-12-18 08,2014/12/18,8
15350277,375716256,1,94ek7m0,1838,2014-12-18 09,2014/12/18,9
19164979,286586652,4,,12753,2014-12-18 10,2014/12/18,10
41509153,140940146,1,9puluoo,9516,2014-12-18 13,2014/12/18,13
116590113,3032348,1,9551ckl,7491,2014-12-17 20,2014/12/17,20
15350277,181861413,1,94ek6fe,1838,2014-12-18 09,2014/12/18,9
116590113,3032348,1,9551cet,7491,2014-12-17 20,2014/12/17,20
15350277,135005978,1,94ek7ju,1838,2014-12-18 09,2014/12/18,9
116590113,83118930,1,9551cet,11618,2014-12-17 09,2014/12/17,9
116590113,153096290,1,9551clg,7491,2014-12-17 20,2014/12/17,20
133817664,144898391,1,9rg24nv,9279,2014-12-17 19,2014/12/17,19
116590113,362417500,1,9551ceu,7491,2014-12-17 20,2014/12/17,20
15350277,370235294,1,94ek7mn,1838,2014-12-18 09,2014/12/18,9
19164979,146560728,1,,2825,2014-12-17 07,2014/12/17,7
19164979,146560728,1,,2825,2014-12-17 07,2014/12/17,7
19164979,243873726,1,,12753,2014-12-18 11,2014/12/18,11
133135970,165321630,1,,574,2014-12-18 19,2014/12/18,19
133135970,329787299,1,,3099,2014-12-18 07,2014/12/18,7
19164979,5594530,1,,5399,2014-12-18 07,2014/12/18,7
47594591,118568225,1,94anonn,6255,2014-12-17 14,2014/12/17,14
133817664,17697854,1,,9279,2014-12-18 22,2014/12/18,22
19347313,214857498,1,,4640,2014-12-17 22,2014/12/17,22
47594591,160473423,1,94anocs,6344,2014-12-18 18,2014/12/18,18
19347313,320922621,1,,4640,2014-12-17 22,2014/12/17,22
116590113,348068753,1,9551cll,4244,2014-12-18 19,2014/12/18,19
19164979,253857834,1,,9179,2014-12-18 22,2014/12/18,22
41509153,311780454,1,9puluew,5908,2014-12-18 13,2014/12/18,13
15350277,323097945,1,,11757,2014-12-17 16,2014/12/17,16
19164979,350549286,1,,10523,2014-12-17 13,2014/12/17,13
19164979,253857834,1,,9179,2014-12-18 22,2014/12/18,22
15350277,323097945,1,,11757,2014-12-17 16,2014/12/17,16
116590113,264350299,1,9551clw,2993,2014-12-18 19,2014/12/18,19
15350277,368906079,1,,11757,2014-12-17 16,2014/12/17,16
116590113,300194146,1,9551ckl,4382,2014-12-17 20,2014/12/17,20
15350277,329218483,1,,11757,2014-12-17 16,2014/12/17,16
116590113,93872327,1,9551coi,4382,2014-12-18 19,2014/12/18,19
133135970,119975996,1,,5395,2014-12-18 07,2014/12/18,7
116590113,5915893,1,9551cet,4382,2014-12-17 20,2014/12/17,20
19164979,371326832,1,,11279,2014-12-17 13,2014/12/17,13
116590113,342932974,1,9551ceu,11470,2014-12-18 19,2014/12/18,19
133135970,403980947,1,,5646,2014-12-17 12,2014/12/17,12
116590113,320572091,1,,11470,2014-12-17 13,2014/12/17,13
19164979,85090583,1,,10523,2014-12-17 13,2014/12/17,13
47594591,198376352,1,94anonb,5271,2014-12-18 19,2014/12/18,19
116590113,128518163,1,,11470,2014-12-17 13,2014/12/17,13
116590113,376336817,1,9551cln,2993,2014-12-18 19,2014/12/18,19
15350277,343967634,1,94ek6fl,6091,2014-12-18 08,2014/12/18,8
15350277,343967634,1,94ek7ms,6091,2014-12-18 08,2014/12/18,8
19164979,3881968,1,,5894,2014-12-17 07,2014/12/17,7
19164979,250382098,4,,814,2014-12-18 12,2014/12/18,12
19164979,250382098,4,,814,2014-12-18 12,2014/12/18,12
15350277,382508505,1,,2513,2014-12-18 11,2014/12/18,11
47594591,68727618,1,94anonn,242,2014-12-17 18,2014/12/17,18
15350277,299554994,1,,6054,2014-12-17 21,2014/12/17,21
47594591,68727618,3,94anone,242,2014-12-18 17,2014/12/18,17
19164979,250382098,1,,814,2014-12-18 12,2014/12/18,12
19164979,250382098,1,,814,2014-12-18 12,2014/12/18,12
47594591,317423042,1,94anoc0,9396,2014-12-17 17,2014/12/17,17
19164979,355465751,1,,814,2014-12-18 08,2014/12/18,8
19164979,235227537,1,,814,2014-12-18 08,2014/12/18,8
19164979,359176638,1,,814,2014-12-18 08,2014/12/18,8
116590113,259816195,1,9551cep,3789,2014-12-17 20,2014/12/17,20
116590113,319468369,1,,3789,2014-12-17 13,2014/12/17,13
19852570,153120920,1,,1391,2014-12-18 16,2014/12/18,16
19164979,228789905,1,,814,2014-12-18 08,2014/12/18,8
41509153,204724094,1,9pulukd,6255,2014-12-18 13,2014/12/18,13
24336749,103208491,1,9573ns7,492,2014-12-18 21,2014/12/18,21
116590113,170939562,2,9551cd5,10703,2014-12-17 20,2014/12/17,20
24336749,133354653,1,9573nsn,492,2014-12-18 21,2014/12/18,21
141090143,291389940,1,9qq35tw,10569,2014-12-18 13,2014/12/18,13
24336749,67084551,1,9573n14,492,2014-12-18 21,2014/12/18,21
19164979,71660541,1,,4999,2014-12-18 07,2014/12/18,7
47594591,191595889,1,94anoc1,10908,2014-12-18 18,2014/12/18,18
47594591,254616116,1,94anocp,1324,2014-12-18 18,2014/12/18,18
47594591,394610592,1,94ano2l,3099,2014-12-17 17,2014/12/17,17
141090143,189894345,1,9qq35t6,416,2014-12-18 13,2014/12/18,13
33522133,85185465,1,,9516,2014-12-17 22,2014/12/17,22
19852570,359626991,1,,288,2014-12-18 16,2014/12/18,16
19852570,147608547,1,955mvck,10236,2014-12-18 20,2014/12/18,20
141090143,179208087,1,9qq35sd,416,2014-12-18 13,2014/12/18,13
141090143,366172257,1,9qq35tc,416,2014-12-18 13,2014/12/18,13
116590113,389521615,1,9551ca7,9816,2014-12-17 20,2014/12/17,20
33522133,273934461,1,mtdmf2d,13230,2014-12-17 08,2014/12/17,8
19164979,353105772,1,,13230,2014-12-17 07,2014/12/17,7
19852570,209602154,1,955mvcb,4537,2014-12-18 21,2014/12/18,21
141090143,383134512,1,9qq35uh,416,2014-12-18 13,2014/12/18,13
141090143,215226556,1,9qq35sf,416,2014-12-18 13,2014/12/18,13
19164979,404282019,1,,6513,2014-12-17 07,2014/12/17,7
19164979,39411457,1,,6513,2014-12-18 07,2014/12/18,7
33522133,366449600,1,,5894,2014-12-17 21,2014/12/17,21
19164979,87937548,1,,5232,2014-12-18 07,2014/12/18,7
33522133,110224275,1,,1083,2014-12-17 22,2014/12/17,22
19164979,171551559,1,,5027,2014-12-18 07,2014/12/18,7
141090143,388833780,1,9qqvvfc,12470,2014-12-17 13,2014/12/17,13
33522133,137260740,1,,10894,2014-12-17 22,2014/12/17,22
19852570,4907423,1,955mvcf,8635,2014-12-17 19,2014/12/17,19
33522133,62729759,1,mtdmf2b,13230,2014-12-17 08,2014/12/17,8
19852570,126311086,1,955mvc7,3397,2014-12-17 17,2014/12/17,17
19164979,144675039,1,,10392,2014-12-18 21,2014/12/18,21
25546549,149385647,1,,5232,2014-12-18 12,2014/12/18,12
141090143,401771243,1,9qq35sf,1625,2014-12-18 12,2014/12/18,12
33522133,28369093,1,mtdmf2u,13230,2014-12-17 08,2014/12/17,8
19164979,349425131,1,,5027,2014-12-18 07,2014/12/18,7
141090143,374350423,1,9qq35tv,12819,2014-12-18 12,2014/12/18,12
33522133,340411186,1,,10223,2014-12-18 11,2014/12/18,11
141090143,401607668,1,9qq35u6,12819,2014-12-17 13,2014/12/17,13
33522133,378891108,1,,10223,2014-12-18 11,2014/12/18,11
19164979,350043094,1,,5027,2014-12-18 07,2014/12/18,7
141090143,130327747,1,9qq35sd,12819,2014-12-17 13,2014/12/17,13
141090143,130327747,1,9qq35t6,12819,2014-12-17 13,2014/12/17,13
141090143,188946987,1,9qq35uq,12819,2014-12-17 13,2014/12/17,13
141090143,188946987,1,9qq35up,12819,2014-12-17 13,2014/12/17,13
19164979,211805586,1,,6513,2014-12-18 07,2014/12/18,7
141090143,154623177,1,9qq35so,12819,2014-12-17 13,2014/12/17,13
19164979,381408303,1,,10392,2014-12-18 21,2014/12/18,21
141090143,13402362,1,9qq35sd,12819,2014-12-17 13,2014/12/17,13
19164979,381408303,1,,10392,2014-12-18 21,2014/12/18,21
46081082,250317799,1,,13152,2014-12-17 10,2014/12/17,10
19164979,332018422,1,,10392,2014-12-18 21,2014/12/18,21
117580921,79844368,4,,10894,2014-12-17 22,2014/12/17,22
20322481,1861070,1,,1863,2014-12-17 00,2014/12/17,0
33522133,192849614,1,,14079,2014-12-18 11,2014/12/18,11
19164979,5660146,1,,6513,2014-12-17 07,2014/12/17,7
46081082,260041099,1,,13152,2014-12-17 10,2014/12/17,10
19164979,381408303,1,,10392,2014-12-18 21,2014/12/18,21
53964738,91893349,1,94hanrv,12294,2014-12-18 08,2014/12/18,8
117580921,397983073,1,,6226,2014-12-17 22,2014/12/17,22
19164979,184695679,1,,10392,2014-12-18 21,2014/12/18,21
19164979,401982776,1,,10392,2014-12-17 06,2014/12/17,6
33522133,335802282,1,mtdmf2b,6513,2014-12-18 08,2014/12/18,8
19164979,33470584,1,,10392,2014-12-18 21,2014/12/18,21
19164979,107091295,1,,5399,2014-12-18 07,2014/12/18,7
17904632,112822646,1,9rf9rpd,2825,2014-12-17 19,2014/12/17,19
47594591,228709779,4,94ano2l,11824,2014-12-17 16,2014/12/17,16
19164979,346621426,1,,5399,2014-12-18 07,2014/12/18,7
47594591,163037890,1,94anoc4,11824,2014-12-17 15,2014/12/17,15
20322481,100554411,1,94eop2k,6513,2014-12-18 19,2014/12/18,19
17904632,377949013,1,,7344,2014-12-18 19,2014/12/18,19
19164979,129241700,1,,6513,2014-12-17 07,2014/12/17,7
33522133,70521526,1,mtdmf2c,6513,2014-12-18 08,2014/12/18,8
33522133,14143653,1,mtdmfnr,6513,2014-12-18 08,2014/12/18,8
33522133,74273663,1,mtdmfai,6513,2014-12-18 08,2014/12/18,8
19164979,18166882,1,,13230,2014-12-17 07,2014/12/17,7
123275930,182278636,1,,1863,2014-12-17 18,2014/12/17,18
33522133,303124864,1,mtdmfn3,5689,2014-12-18 08,2014/12/18,8
123275930,318730338,1,,1863,2014-12-17 19,2014/12/17,19
54606139,398694165,1,,881,2014-12-18 13,2014/12/18,13
54606139,1754444,1,,881,2014-12-18 13,2014/12/18,13
54606139,1754444,1,,881,2014-12-18 13,2014/12/18,13
54606139,1754444,1,,881,2014-12-18 13,2014/12/18,13
20322481,18545454,1,,10533,2014-12-17 00,2014/12/17,0
138776269,99624342,1,,3381,2014-12-18 09,2014/12/18,9
33522133,284030539,1,,5689,2014-12-18 12,2014/12/18,12
19164979,20818412,1,,6054,2014-12-18 07,2014/12/18,7
54606139,400537198,1,,881,2014-12-18 13,2014/12/18,13
123275930,330257995,1,,14079,2014-12-18 21,2014/12/18,21
123275930,379249161,1,,5027,2014-12-18 20,2014/12/18,20
33522133,98849360,1,,5689,2014-12-18 09,2014/12/18,9
138776269,362222365,1,,552,2014-12-18 09,2014/12/18,9
123275930,205977947,1,,5027,2014-12-18 21,2014/12/18,21
138776269,368837144,1,,552,2014-12-18 09,2014/12/18,9
123275930,47159124,1,,1863,2014-12-17 18,2014/12/17,18
33522133,133529435,1,,5689,2014-12-18 12,2014/12/18,12
17904632,44803134,1,,1863,2014-12-18 19,2014/12/18,19
33522133,187639182,1,,5689,2014-12-18 08,2014/12/18,8
33522133,375526400,1,,5689,2014-12-18 09,2014/12/18,9
138776269,230130885,1,,552,2014-12-18 09,2014/12/18,9
138776269,230130885,1,,552,2014-12-18 09,2014/12/18,9
33522133,314012820,1,mtdmfni,5689,2014-12-18 08,2014/12/18,8
17904632,208048023,1,,6513,2014-12-17 17,2014/12/17,17
138776269,68712301,1,,11623,2014-12-18 09,2014/12/18,9
61152630,314646815,1,96nhp3n,4898,2014-12-17 20,2014/12/17,20
138776269,200370967,1,,11623,2014-12-18 09,2014/12/18,9
138776269,104555010,1,,11623,2014-12-18 09,2014/12/18,9
138776269,97218283,1,,11623,2014-12-18 09,2014/12/18,9
123275930,50707590,1,,5027,2014-12-18 21,2014/12/18,21
33522133,214101428,1,mtdmf2s,5689,2014-12-18 08,2014/12/18,8
123275930,304177180,1,,5027,2014-12-18 20,2014/12/18,20
17904632,135008378,1,,8877,2014-12-18 20,2014/12/18,20
138776269,160855401,1,9qv9hlw,11991,2014-12-17 22,2014/12/17,22
123275930,304915243,1,,5027,2014-12-18 21,2014/12/18,21
47594591,131051886,1,94anocs,9247,2014-12-18 20,2014/12/18,20
17904632,349413071,1,,1121,2014-12-18 20,2014/12/18,20
123275930,304915243,1,,5027,2014-12-18 21,2014/12/18,21
33522133,16055759,1,mtdmfnf,5689,2014-12-18 08,2014/12/18,8
17904632,138284072,1,,5894,2014-12-17 16,2014/12/17,16
61152630,26327262,1,96nhp3q,9847,2014-12-17 20,2014/12/17,20
17904632,209967651,1,9rdm3om,11824,2014-12-17 19,2014/12/17,19
61152630,26327262,1,96nhp36,9847,2014-12-17 20,2014/12/17,20
17904632,123779715,1,,6054,2014-12-18 17,2014/12/18,17
123275930,307332066,1,,1863,2014-12-17 19,2014/12/17,19
20322481,130402021,1,,5653,2014-12-17 00,2014/12/17,0
123275930,122346234,1,,1863,2014-12-17 18,2014/12/17,18
33522133,181255204,1,,5689,2014-12-18 11,2014/12/18,11
33522133,303124864,1,mtdmf2v,5689,2014-12-18 08,2014/12/18,8
17904632,209967651,1,9rf9rp5,11824,2014-12-17 19,2014/12/17,19
123275930,49059157,1,,1863,2014-12-18 16,2014/12/18,16
123275930,133482547,1,,5027,2014-12-18 21,2014/12/18,21
17904632,260851672,1,,6054,2014-12-18 19,2014/12/18,19
17904632,133840732,1,,1121,2014-12-18 20,2014/12/18,20
33522133,141330025,1,,5689,2014-12-18 11,2014/12/18,11
24030012,294317346,1,,10894,2014-12-18 17,2014/12/18,17
17904632,314480138,1,,6054,2014-12-18 17,2014/12/18,17
33522133,324998529,1,,5689,2014-12-18 11,2014/12/18,11
33522133,201823279,1,mtdmo2i,3099,2014-12-18 20,2014/12/18,20
17904632,112315914,1,,6054,2014-12-18 17,2014/12/18,17
24030012,294317346,1,,10894,2014-12-18 17,2014/12/18,17
33522133,376640774,1,,5689,2014-12-18 13,2014/12/18,13
17904632,123779715,1,,6054,2014-12-18 17,2014/12/18,17
33522133,201823279,1,,3099,2014-12-17 11,2014/12/17,11
33522133,404220937,1,,5689,2014-12-18 11,2014/12/18,11
33522133,278663171,1,,3099,2014-12-17 11,2014/12/17,11
123275930,182954957,1,,5027,2014-12-17 11,2014/12/17,11
47594591,24452375,1,94anona,9247,2014-12-18 20,2014/12/18,20
123275930,360111382,1,,5027,2014-12-18 21,2014/12/18,21
17904632,322411274,1,,5894,2014-12-17 16,2014/12/17,16
123275930,280893266,1,,5027,2014-12-18 21,2014/12/18,21
33522133,11474794,1,mtdmo03,6512,2014-12-18 20,2014/12/18,20
17904632,386644043,1,,6054,2014-12-18 17,2014/12/18,17
61152630,103331811,1,96nhpvn,6000,2014-12-17 20,2014/12/17,20
24030012,114982141,1,,5027,2014-12-17 20,2014/12/17,20
33522133,166674805,1,,5689,2014-12-18 14,2014/12/18,14
123275930,339457942,1,,5027,2014-12-18 21,2014/12/18,21
24030012,112698970,1,,5399,2014-12-17 20,2014/12/17,20
24030012,41851877,1,,5503,2014-12-17 20,2014/12/17,20
19579699,284062024,1,94h6g4r,8291,2014-12-17 20,2014/12/17,20
24030012,263218730,1,,13230,2014-12-17 20,2014/12/17,20
33522133,295716829,1,,3099,2014-12-17 11,2014/12/17,11
123275930,269162989,1,,5027,2014-12-18 21,2014/12/18,21
24030012,356245201,1,,10533,2014-12-17 20,2014/12/17,20
15980685,235472915,1,,8605,2014-12-17 16,2014/12/17,16
15980685,235472915,3,,8605,2014-12-17 15,2014/12/17,15
15980685,281497092,1,,8605,2014-12-17 17,2014/12/17,17
17904632,38291573,1,,6054,2014-12-18 19,2014/12/18,19
24030012,279008436,1,,5894,2014-12-17 06,2014/12/17,6
15980685,13599310,1,,8605,2014-12-17 16,2014/12/17,16
33522133,278663171,1,,3099,2014-12-17 11,2014/12/17,11
17904632,38291573,1,,6054,2014-12-18 18,2014/12/18,18
15980685,285209940,1,,8605,2014-12-17 15,2014/12/17,15
15980685,260470096,1,,10236,2014-12-17 20,2014/12/17,20
15980685,58192277,1,,10236,2014-12-17 20,2014/12/17,20
15980685,171394790,1,,10236,2014-12-17 20,2014/12/17,20
123275930,269162989,1,,5027,2014-12-18 21,2014/12/18,21
24565144,122740780,1,,2254,2014-12-17 14,2014/12/17,14
24565144,122740780,1,,2254,2014-12-17 14,2014/12/17,14
15980685,82162016,1,,8605,2014-12-17 21,2014/12/17,21
15980685,82162016,1,,8605,2014-12-17 21,2014/12/17,21
33522133,206262000,1,,5689,2014-12-18 09,2014/12/18,9
15980685,124408880,3,,8605,2014-12-17 15,2014/12/17,15
33522133,331376759,1,mtdmo2k,6512,2014-12-18 20,2014/12/18,20
61152630,103331811,1,96nhp2f,6000,2014-12-17 20,2014/12/17,20
61152630,103331811,1,96nhp3c,6000,2014-12-18 22,2014/12/18,22
123275930,122014199,1,,5027,2014-12-18 21,2014/12/18,21
15980685,601104,1,,1632,2014-12-18 18,2014/12/18,18
15980685,218962513,1,,13326,2014-12-17 20,2014/12/17,20
24565144,122740780,1,9rf5avk,2254,2014-12-17 13,2014/12/17,13
15980685,349701153,1,,8605,2014-12-17 15,2014/12/17,15
15980685,349701153,1,,8605,2014-12-17 15,2014/12/17,15
33522133,53618181,1,mtdmo2e,13230,2014-12-18 19,2014/12/18,19
47594591,238292431,1,94anoct,9247,2014-12-18 19,2014/12/18,19
15980685,143578040,1,,8605,2014-12-17 15,2014/12/17,15
123275930,72750978,1,,5027,2014-12-17 11,2014/12/17,11
33522133,351418929,1,mtdmf23,13230,2014-12-17 08,2014/12/17,8
123275930,277414148,1,,1863,2014-12-17 18,2014/12/17,18
33522133,181309883,1,,5689,2014-12-18 13,2014/12/18,13
47594591,91534613,1,94ano3p,9247,2014-12-18 20,2014/12/18,20
15980685,317388787,1,,8605,2014-12-17 16,2014/12/17,16
33522133,319734832,1,mtdmfnu,13230,2014-12-17 08,2014/12/17,8
15980685,344982161,1,,8605,2014-12-17 21,2014/12/17,21
33522133,131885296,1,mtdmo1w,6512,2014-12-18 20,2014/12/18,20
15980685,110426792,1,,8605,2014-12-17 15,2014/12/17,15
15980685,120831354,1,,8605,2014-12-17 15,2014/12/17,15
33522133,28862592,1,,5689,2014-12-18 10,2014/12/18,10
15980685,303483504,1,,1632,2014-12-18 16,2014/12/18,16
33522133,202229535,1,,5689,2014-12-18 13,2014/12/18,13
123275930,364811688,1,,1863,2014-12-17 19,2014/12/17,19
33522133,165572861,1,mtdmo2r,6512,2014-12-18 20,2014/12/18,20
33522133,19819407,1,mtdmo1o,6512,2014-12-18 20,2014/12/18,20
33522133,349707925,1,mtdmo2p,6512,2014-12-18 20,2014/12/18,20
15980685,332818037,1,,1632,2014-12-18 18,2014/12/18,18
33522133,103309090,1,,5689,2014-12-18 10,2014/12/18,10
33522133,97046324,1,mtdmfne,5689,2014-12-18 08,2014/12/18,8
33522133,27605942,1,,5689,2014-12-18 11,2014/12/18,11
56707430,223240484,1,95lk7m4,4830,2014-12-17 22,2014/12/17,22
17904632,305895443,1,,3472,2014-12-18 20,2014/12/18,20
15980685,249768188,1,,1632,2014-12-18 16,2014/12/18,16
17904632,311911237,1,9rf9rpo,9752,2014-12-17 19,2014/12/17,19
33522133,303754528,1,mtdmo2k,6512,2014-12-18 20,2014/12/18,20
33522133,334199723,1,mtdmo1f,6512,2014-12-18 20,2014/12/18,20
123275930,268578430,1,,14079,2014-12-18 21,2014/12/18,21
123275930,208715713,1,,14079,2014-12-18 21,2014/12/18,21
17904632,83249924,1,9rf9rpe,9752,2014-12-17 19,2014/12/17,19
33522133,241774651,1,mtdmo1j,6512,2014-12-18 20,2014/12/18,20
17904632,229238375,1,9rf9rpo,9752,2014-12-17 19,2014/12/17,19
17904632,224479526,1,9rdm3oh,9752,2014-12-17 19,2014/12/17,19
24565144,34618543,1,9rf5a3l,3628,2014-12-17 14,2014/12/17,14
33522133,35755328,1,mtdmo2k,6512,2014-12-18 20,2014/12/18,20
33522133,209697799,1,mtdmo1k,6512,2014-12-18 20,2014/12/18,20
17904632,11368440,1,,6513,2014-12-17 16,2014/12/17,16
24565144,94062845,1,,12090,2014-12-17 11,2014/12/17,11
15980685,288047108,1,952jcrv,10481,2014-12-17 20,2014/12/17,20
33522133,351332275,1,mtdmo1k,2825,2014-12-18 20,2014/12/18,20
15980685,288047108,1,952j3bj,10481,2014-12-17 20,2014/12/17,20
15980685,97728812,1,,10481,2014-12-18 10,2014/12/18,10
123275930,56826948,1,955mo3o,5027,2014-12-17 12,2014/12/17,12
15980685,337892582,1,,326,2014-12-17 16,2014/12/17,16
123275930,65628929,1,,5027,2014-12-18 20,2014/12/18,20
15980685,5521572,1,,374,2014-12-17 16,2014/12/17,16
23506974,319022839,1,,3795,2014-12-18 01,2014/12/18,1
23506974,278529895,1,,3795,2014-12-18 01,2014/12/18,1
23506974,278529895,1,,3795,2014-12-18 01,2014/12/18,1
15980685,61004144,1,,7755,2014-12-17 14,2014/12/17,14
33522133,310048930,1,mtdmf21,5689,2014-12-18 08,2014/12/18,8
23506974,346856435,1,9569pov,3795,2014-12-17 09,2014/12/17,9
23506974,278529895,1,,3795,2014-12-18 01,2014/12/18,1
23506974,346856435,1,9569pou,3795,2014-12-17 09,2014/12/17,9
33522133,389100369,1,,5689,2014-12-18 12,2014/12/18,12
61152630,189697745,1,96nhpv1,10275,2014-12-18 15,2014/12/18,15
123275930,297876124,1,,5027,2014-12-18 20,2014/12/18,20
15980685,176378203,1,,2225,2014-12-18 18,2014/12/18,18
15980685,270139183,1,,4609,2014-12-17 16,2014/12/17,16
15980685,270139183,4,,4609,2014-12-17 16,2014/12/17,16
123275930,153502960,1,,5027,2014-12-18 21,2014/12/18,21
33522133,224353465,1,,5689,2014-12-18 12,2014/12/18,12
33522133,83055906,1,,5232,2014-12-17 22,2014/12/17,22
33522133,339419440,1,,5689,2014-12-18 11,2014/12/18,11
15980685,74377225,1,,328,2014-12-18 11,2014/12/18,11
33522133,369738707,1,,5232,2014-12-17 22,2014/12/17,22
33522133,360597706,1,mtdmfnh,5689,2014-12-18 08,2014/12/18,8
33522133,360597706,1,mtdmfnv,5689,2014-12-18 08,2014/12/18,8
33522133,102908809,1,,5689,2014-12-18 12,2014/12/18,12
33522133,75766764,1,,5232,2014-12-17 22,2014/12/17,22
33522133,208465641,1,,5689,2014-12-18 13,2014/12/18,13
33522133,92041189,1,,5232,2014-12-17 22,2014/12/17,22
33522133,37399409,1,,5232,2014-12-17 22,2014/12/17,22
33522133,76998640,1,,5689,2014-12-18 12,2014/12/18,12
33522133,137002919,1,,5232,2014-12-18 14,2014/12/18,14
33522133,20756054,1,,5232,2014-12-17 22,2014/12/17,22
33522133,399632430,1,,5689,2014-12-18 11,2014/12/18,11
